__time,/move_base/cmd_vel_throttle/angular/x,/move_base/cmd_vel_throttle/angular/y,/move_base/cmd_vel_throttle/angular/z,/move_base/cmd_vel_throttle/linear/x,/move_base/cmd_vel_throttle/linear/y,/move_base/cmd_vel_throttle/linear/z,/state/odom_pose/orientation/pitch,/state/odom_pose/orientation/roll,/state/odom_pose/orientation/w,/state/odom_pose/orientation/x,/state/odom_pose/orientation/y,/state/odom_pose/orientation/yaw,/state/odom_pose/orientation/z,/state/odom_pose/position/x,/state/odom_pose/position/y,/state/odom_pose/position/z,/state/odom_twist/angular/x,/state/odom_twist/angular/y,/state/odom_twist/angular/z,/state/odom_twist/linear/x,/state/odom_twist/linear/y,/state/odom_twist/linear/z,/state/ref_pose/orientation/pitch,/state/ref_pose/orientation/roll,/state/ref_pose/orientation/w,/state/ref_pose/orientation/x,/state/ref_pose/orientation/y,/state/ref_pose/orientation/yaw,/state/ref_pose/orientation/z,/state/ref_pose/position/x,/state/ref_pose/position/y,/state/ref_pose/position/z,/state/ref_twist/angular/x,/state/ref_twist/angular/y,/state/ref_twist/angular/z,/state/ref_twist/linear/x,/state/ref_twist/linear/y,/state/ref_twist/linear/z
539.957000,0.000000000,0.000000000,0.439318013,0.196092345,0.000000000,0.000000000,,,,,,,,,,,,,,,,,,,,,,,,,,,,,,,,
540.087000,0.000000000,0.000000000,0.406071012,0.224202890,0.000000000,0.000000000,,,,,,,,,,,,,,,,,,,,,,,,,,,,,,,,
540.193000,0.000000000,0.000000000,0.285813318,0.335421865,0.000000000,0.000000000,,,,,,,,,,,,,,,,,,,,,,,,,,,,,,,,
540.225000,,,,,,,,,,,,,,,,,,,,,,,,,,,,,,,,,0.000000000,0.000000000,0.000000000,0.187451316,0.000000000,0.000000000
540.226000,,,,,,,0.000000000,0.000000000,0.000000000,0.000000000,0.000000000,3.141592654,-3.017445763,-0.060724678,-0.018200189,0.000000000,0.000000000,0.000000000,0.000000000,0.244337499,0.000000000,0.000000000,0.000000000,0.000000000,0.000000000,0.000000000,0.000000000,3.141592654,-3.007325979,0.096442063,0.026006576,0.000000000,,,,,,
540.304000,0.000000000,0.000000000,0.227385736,0.422212513,0.000000000,0.000000000,,,,,,,,,,,,,,,,,,,,,,,,,,,,,,,,
540.432000,0.000000000,0.000000000,0.202579431,0.472499485,0.000000000,0.000000000,,,,,,,,,,,,,,,,,,,,,,,,,,,,,,,,
540.526000,,,,,,,0.000000000,0.000000000,0.000000000,0.000000000,0.000000000,3.141592654,-2.955419045,-0.164212542,-0.047271606,0.000000000,0.000000000,0.000000000,0.000000000,0.503203405,0.000000000,0.000000000,0.000000000,0.000000000,0.000000000,0.000000000,0.000000000,3.141592654,-2.940981972,0.045249665,0.017536677,0.000000000,0.000000000,0.000000000,0.000000000,0.405056601,0.000000000,0.000000000
540.541000,0.000000000,0.000000000,0.146677131,0.657538393,0.000000000,0.000000000,,,,,,,,,,,,,,,,,,,,,,,,,,,,,,,,
540.693000,0.000000000,0.000000000,0.124715779,0.765377126,0.000000000,0.000000000,,,,,,,,,,,,,,,,,,,,,,,,,,,,,,,,
540.755000,,,,,,,0.000000000,0.000000000,0.000000000,0.000000000,0.000000000,3.141592654,-2.902749398,-0.299817857,-0.087351478,0.000000000,0.000000000,0.000000000,0.000000000,0.745733654,0.000000000,0.000000000,0.000000000,0.000000000,0.000000000,0.000000000,0.000000000,3.141592654,-2.875332865,-0.083470346,-0.036869982,0.000000000,0.000000000,0.000000000,0.000000000,0.707535120,0.000000000,0.000000000
540.845000,0.000000000,0.000000000,0.096765578,0.938030246,0.000000000,0.000000000,,,,,,,,,,,,,,,,,,,,,,,,,,,,,,,,
540.953000,0.000000000,0.000000000,0.072021922,1.052514149,0.000000000,0.000000000,,,,,,,,,,,,,,,,,,,,,,,,,,,,,,,,
541.017000,,,,,,,0.000000000,0.000000000,0.000000000,0.000000000,0.000000000,3.141592654,-2.853657889,-0.496385567,-0.151817009,0.000000000,0.000000000,0.000000000,0.000000000,0.995447180,0.000000000,0.000000000,0.000000000,0.000000000,0.000000000,0.000000000,0.000000000,3.141592654,-2.840854223,-0.337900463,-0.128474194,0.000000000,0.000000000,0.000000000,0.000000000,0.960598507,0.000000000,0.000000000
541.100000,0.000000000,0.000000000,0.052900016,1.200327227,0.000000000,0.000000000,,,,,,,,,,,,,,,,,,,,,,,,,,,,,,,,
541.245000,0.000000000,0.000000000,0.024592733,1.417380793,0.000000000,0.000000000,,,,,,,,,,,,,,,,,,,,,,,,,,,,,,,,
541.301000,,,,,,,0.000000000,0.000000000,0.000000000,0.000000000,0.000000000,3.141592654,-2.808588299,-0.840067717,-0.273552877,0.000000000,0.000000000,0.000000000,0.000000000,1.374386929,0.000000000,0.000000000,0.000000000,0.000000000,0.000000000,0.000000000,0.000000000,3.141592654,-2.821710647,-0.820380275,-0.267742135,0.000000000,0.000000000,0.000000000,0.000000000,1.309200769,0.000000000,0.000000000
541.405000,0.000000000,0.000000000,-0.008078045,1.587939245,0.000000000,0.000000000,,,,,,,,,,,,,,,,,,,,,,,,,,,,,,,,
541.514000,,,,,,,,,,,,,,,,,,,,,,,,,,,,,,,,,0.000000000,0.000000000,0.000000000,1.576005960,0.000000000,0.000000000
541.516000,,,,,,,0.000000000,0.000000000,0.000000000,0.000000000,0.000000000,3.141592654,-2.808178781,-1.140100039,-0.378160883,0.000000000,,,,,,,0.000000000,0.000000000,0.000000000,0.000000000,0.000000000,3.141592654,-2.813693842,-1.078629236,-0.370665695,0.000000000,,,,,,
541.521000,,,,,,,,,,,,,,,,,0.000000000,0.000000000,0.000000000,1.547484985,0.000000000,0.000000000,,,,,,,,,,,,,,,,
541.546000,0.000000000,0.000000000,-0.035223585,1.484734558,0.000000000,0.000000000,,,,,,,,,,,,,,,,,,,,,,,,,,,,,,,,
541.700000,0.000000000,0.000000000,-0.037643741,1.598461300,0.000000000,0.000000000,,,,,,,,,,,,,,,,,,,,,,,,,,,,,,,,
541.803000,,,,,,,0.000000000,0.000000000,0.000000000,0.000000000,0.000000000,3.141592654,-2.845342911,-1.567558097,-0.508970071,0.000000000,0.000000000,0.000000000,0.000000000,1.624975072,0.000000000,0.000000000,0.000000000,0.000000000,0.000000000,0.000000000,0.000000000,3.141592654,-2.860210212,-1.529689466,-0.495982428,0.000000000,0.000000000,0.000000000,0.000000000,1.577814459,0.000000000,0.000000000
541.840000,0.000000000,0.000000000,-0.031289100,1.756892796,0.000000000,0.000000000,,,,,,,,,,,,,,,,,,,,,,,,,,,,,,,,
541.987000,0.000000000,0.000000000,-0.028803246,1.633879349,0.000000000,0.000000000,,,,,,,,,,,,,,,,,,,,,,,,,,,,,,,,
542.071000,,,,,,,,,,,,,,,,,0.000000000,0.000000000,0.000000000,1.611591179,0.000000000,0.000000000,,,,,,,,,,,,,,,,
542.072000,,,,,,,0.000000000,0.000000000,0.000000000,0.000000000,0.000000000,3.141592654,-2.875078850,-1.969757169,-0.618124873,0.000000000,,,,,,,0.000000000,0.000000000,0.000000000,0.000000000,0.000000000,3.141592654,-2.881799862,-1.924666608,-0.587537174,0.000000000,0.000000000,0.000000000,0.000000000,1.611744256,0.000000000,0.000000000
542.094000,0.000000000,0.000000000,-0.025964081,1.622951599,0.000000000,0.000000000,,,,,,,,,,,,,,,,,,,,,,,,,,,,,,,,
542.237000,0.000000000,0.000000000,-0.022323120,1.683062581,0.000000000,0.000000000,,,,,,,,,,,,,,,,,,,,,,,,,,,,,,,,
542.320000,,,,,,,0.000000000,0.000000000,0.000000000,0.000000000,0.000000000,3.141592654,-2.898628435,-2.364402406,-0.715769106,0.000000000,0.000000000,0.000000000,0.000000000,1.677791784,0.000000000,0.000000000,0.000000000,0.000000000,0.000000000,0.000000000,0.000000000,3.141592654,-2.897162976,-2.315447379,-0.694181352,0.000000000,0.000000000,0.000000000,0.000000000,1.639099207,0.000000000,0.000000000
542.342000,0.000000000,0.000000000,-0.025554326,1.595604957,0.000000000,0.000000000,,,,,,,,,,,,,,,,,,,,,,,,,,,,,,,,
542.444000,0.000000000,0.000000000,-0.024231642,1.649737085,0.000000000,0.000000000,,,,,,,,,,,,,,,,,,,,,,,,,,,,,,,,
542.556000,,,,,,,0.000000000,0.000000000,0.000000000,0.000000000,0.000000000,3.141592654,-2.920346273,-2.774043530,-0.807790913,0.000000000,0.000000000,0.000000000,0.000000000,1.697288950,0.000000000,0.000000000,0.000000000,0.000000000,0.000000000,0.000000000,0.000000000,3.141592654,-2.919778087,-2.736161169,-0.808334304,0.000000000,0.000000000,0.000000000,0.000000000,1.651806198,0.000000000,0.000000000
542.593000,0.000000000,0.000000000,-0.011301184,1.616401703,0.000000000,0.000000000,,,,,,,,,,,,,,,,,,,,,,,,,,,,,,,,
542.700000,0.000000000,0.000000000,-0.005513759,1.628628742,0.000000000,0.000000000,,,,,,,,,,,,,,,,,,,,,,,,,,,,,,,,
542.736000,,,,,,,0.000000000,0.000000000,0.000000000,0.000000000,0.000000000,3.141592654,-2.928516921,-3.064465248,-0.870064035,0.000000000,0.000000000,0.000000000,0.000000000,1.677262529,0.000000000,0.000000000,0.000000000,0.000000000,0.000000000,0.000000000,0.000000000,3.141592654,-2.926791763,-2.960536221,-0.854048635,0.000000000,0.000000000,0.000000000,0.000000000,1.614983561,0.000000000,0.000000000
542.841000,0.000000000,0.000000000,0.002563220,1.832760328,0.000000000,0.000000000,,,,,,,,,,,,,,,,,,,,,,,,,,,,,,,,
542.968000,,,,,,,0.000000000,0.000000000,0.000000000,0.000000000,0.000000000,3.141592654,-2.928619226,-3.446764337,-0.952358123,0.000000000,0.000000000,0.000000000,0.000000000,1.740114109,0.000000000,0.000000000,0.000000000,0.000000000,0.000000000,0.000000000,0.000000000,3.141592654,-2.929134857,-3.366307732,-0.940725413,0.000000000,0.000000000,0.000000000,0.000000000,1.811002661,0.000000000,0.000000000
542.995000,0.000000000,0.000000000,0.007823390,1.685032531,0.000000000,0.000000000,,,,,,,,,,,,,,,,,,,,,,,,,,,,,,,,
543.091000,0.000000000,0.000000000,0.017337984,1.686454997,0.000000000,0.000000000,,,,,,,,,,,,,,,,,,,,,,,,,,,,,,,,
543.195000,0.000000000,0.000000000,0.017076273,1.614395501,0.000000000,0.000000000,,,,,,,,,,,,,,,,,,,,,,,,,,,,,,,,
543.202000,,,,,,,,,,,,,,,,,,,,,,,0.000000000,0.000000000,0.000000000,0.000000000,0.000000000,3.141592654,-2.916241423,-3.779457680,-1.034074859,0.000000000,,,,,,
543.203000,,,,,,,0.000000000,0.000000000,0.000000000,0.000000000,0.000000000,3.141592654,-2.917297858,-3.826581271,-1.038592323,0.000000000,0.000000000,0.000000000,0.000000000,1.643654691,0.000000000,0.000000000,,,,,,,,,,,,,,,,
543.204000,,,,,,,,,,,,,,,,,,,,,,,,,,,,,,,,,0.000000000,0.000000000,0.000000000,1.684125705,0.000000000,0.000000000
543.341000,0.000000000,0.000000000,0.018061880,1.626984424,0.000000000,0.000000000,,,,,,,,,,,,,,,,,,,,,,,,,,,,,,,,
543.412000,,,,,,,0.000000000,0.000000000,0.000000000,0.000000000,0.000000000,3.141592654,-2.902371379,-4.157973819,-1.119753666,0.000000000,0.000000000,0.000000000,0.000000000,1.631625598,0.000000000,0.000000000,0.000000000,0.000000000,0.000000000,0.000000000,0.000000000,3.141592654,-2.899699660,-4.094224080,-1.112140221,0.000000000,,,,,,
543.413000,,,,,,,,,,,,,,,,,,,,,,,,,,,,,,,,,0.000000000,0.000000000,0.000000000,1.674053616,0.000000000,0.000000000
543.482000,0.000000000,0.000000000,0.021892029,1.629599357,0.000000000,0.000000000,,,,,,,,,,,,,,,,,,,,,,,,,,,,,,,,
543.590000,0.000000000,0.000000000,0.028044539,1.691212762,0.000000000,0.000000000,,,,,,,,,,,,,,,,,,,,,,,,,,,,,,,,
543.664000,,,,,,,,,,,,,,,,,0.000000000,0.000000000,0.000000000,1.679808085,0.000000000,0.000000000,0.000000000,0.000000000,0.000000000,0.000000000,0.000000000,3.141592654,-2.879051490,-4.495509150,-1.220058722,0.000000000,0.000000000,0.000000000,0.000000000,1.636212780,0.000000000,0.000000000
543.665000,,,,,,,0.000000000,0.000000000,0.000000000,0.000000000,0.000000000,3.141592654,-2.880868933,-4.561132142,-1.227415870,0.000000000,,,,,,,,,,,,,,,,,,,,,,
543.740000,0.000000000,0.000000000,0.037908942,1.786469406,0.000000000,0.000000000,,,,,,,,,,,,,,,,,,,,,,,,,,,,,,,,
543.845000,0.000000000,0.000000000,0.036622520,1.608054809,0.000000000,0.000000000,,,,,,,,,,,,,,,,,,,,,,,,,,,,,,,,
543.878000,,,,,,,0.000000000,0.000000000,0.000000000,0.000000000,0.000000000,3.141592654,-2.853294596,-4.902953153,-1.329310509,0.000000000,0.000000000,0.000000000,0.000000000,1.599002832,0.000000000,0.000000000,0.000000000,0.000000000,0.000000000,0.000000000,0.000000000,3.141592654,-2.853572976,-4.807153371,-1.312037564,0.000000000,0.000000000,0.000000000,0.000000000,1.662912920,0.000000000,0.000000000
543.948000,0.000000000,0.000000000,0.043652654,1.571866381,0.000000000,0.000000000,,,,,,,,,,,,,,,,,,,,,,,,,,,,,,,,
544.050000,0.000000000,0.000000000,0.054593034,1.576726249,0.000000000,0.000000000,,,,,,,,,,,,,,,,,,,,,,,,,,,,,,,,
544.185000,,,,,,,0.000000000,0.000000000,0.000000000,0.000000000,0.000000000,3.141592654,-2.796768152,-5.352073357,-1.487794545,0.000000000,0.000000000,0.000000000,0.000000000,1.497895736,0.000000000,0.000000000,0.000000000,0.000000000,0.000000000,0.000000000,0.000000000,3.141592654,-2.807503206,-5.252706371,-1.456087093,0.000000000,0.000000000,0.000000000,0.000000000,1.539086192,0.000000000,0.000000000
544.192000,0.000000000,0.000000000,0.072643548,1.574026031,0.000000000,0.000000000,,,,,,,,,,,,,,,,,,,,,,,,,,,,,,,,
544.354000,0.000000000,0.000000000,0.091929842,1.619300465,0.000000000,0.000000000,,,,,,,,,,,,,,,,,,,,,,,,,,,,,,,,
544.437000,,,,,,,0.000000000,0.000000000,0.000000000,0.000000000,0.000000000,3.141592654,-2.721313106,-5.695881194,-1.643328751,0.000000000,0.000000000,0.000000000,0.000000000,1.541057893,0.000000000,0.000000000,0.000000000,0.000000000,0.000000000,0.000000000,0.000000000,3.141592654,-2.722659625,-5.665764727,-1.629461579,0.000000000,0.000000000,0.000000000,0.000000000,1.554270260,0.000000000,0.000000000
544.484000,0.000000000,0.000000000,0.113273854,1.448970316,0.000000000,0.000000000,,,,,,,,,,,,,,,,,,,,,,,,,,,,,,,,
544.591000,0.000000000,0.000000000,0.130571206,1.490598873,0.000000000,0.000000000,,,,,,,,,,,,,,,,,,,,,,,,,,,,,,,,
544.703000,0.000000000,0.000000000,0.127723990,1.578242043,0.000000000,0.000000000,,,,,,,,,,,,,,,,,,,,,,,,,,,,,,,,
544.716000,,,,,,,0.000000000,0.000000000,0.000000000,0.000000000,0.000000000,3.141592654,-2.594857426,-6.048206365,-1.856803028,0.000000000,0.000000000,0.000000000,0.000000000,1.458122238,0.000000000,0.000000000,0.000000000,0.000000000,0.000000000,0.000000000,0.000000000,3.141592654,-2.625417574,-5.989516005,-1.807070127,0.000000000,0.000000000,0.000000000,0.000000000,1.449565040,0.000000000,0.000000000
544.845000,0.000000000,0.000000000,0.134848602,1.485244717,0.000000000,0.000000000,,,,,,,,,,,,,,,,,,,,,,,,,,,,,,,,
544.959000,,,,,,,0.000000000,0.000000000,0.000000000,0.000000000,0.000000000,3.141592654,-2.481051427,-6.309357967,-2.067399027,0.000000000,0.000000000,0.000000000,0.000000000,1.457867971,0.000000000,0.000000000,0.000000000,0.000000000,0.000000000,0.000000000,0.000000000,3.141592654,-2.500515791,-6.275532194,-2.027374044,0.000000000,0.000000000,0.000000000,0.000000000,1.481180301,0.000000000,0.000000000
544.996000,0.000000000,0.000000000,0.150384436,1.356719220,0.000000000,0.000000000,,,,,,,,,,,,,,,,,,,,,,,,,,,,,,,,
545.138000,0.000000000,0.000000000,0.152909153,1.316014459,0.000000000,0.000000000,,,,,,,,,,,,,,,,,,,,,,,,,,,,,,,,
545.233000,,,,,,,,,,,,,,,,,0.000000000,0.000000000,0.000000000,1.399751653,0.000000000,0.000000000,0.000000000,0.000000000,0.000000000,0.000000000,0.000000000,3.141592654,-2.375271933,-6.513388716,-2.261101622,0.000000000,,,,,,
545.234000,,,,,,,0.000000000,0.000000000,0.000000000,0.000000000,0.000000000,3.141592654,-2.330987071,-6.582233310,-2.361740895,0.000000000,,,,,,,,,,,,,,,,,0.000000000,0.000000000,0.000000000,1.408266962,0.000000000,0.000000000
545.239000,0.000000000,0.000000000,0.149915007,1.295305680,0.000000000,0.000000000,,,,,,,,,,,,,,,,,,,,,,,,,,,,,,,,
545.392000,0.000000000,0.000000000,0.154246144,1.240871139,0.000000000,0.000000000,,,,,,,,,,,,,,,,,,,,,,,,,,,,,,,,
545.474000,,,,,,,0.000000000,0.000000000,0.000000000,0.000000000,0.000000000,3.141592654,-2.227212947,-6.740468924,-2.590038846,0.000000000,0.000000000,0.000000000,0.000000000,1.293368474,0.000000000,0.000000000,0.000000000,0.000000000,0.000000000,0.000000000,0.000000000,3.141592654,-2.245112279,-6.701893031,-2.511078244,0.000000000,0.000000000,0.000000000,0.000000000,1.317315324,0.000000000,0.000000000
545.536000,0.000000000,0.000000000,0.143438328,1.250851059,0.000000000,0.000000000,,,,,,,,,,,,,,,,,,,,,,,,,,,,,,,,
545.639000,0.000000000,0.000000000,0.127034265,1.347625382,0.000000000,0.000000000,,,,,,,,,,,,,,,,,,,,,,,,,,,,,,,,
545.782000,,,,,,,0.000000000,0.000000000,0.000000000,0.000000000,0.000000000,3.141592654,-2.077501986,-6.939932451,-2.973243395,0.000000000,0.000000000,0.000000000,0.000000000,1.327293097,0.000000000,0.000000000,0.000000000,0.000000000,0.000000000,0.000000000,0.000000000,3.141592654,-2.104920849,-6.868306984,-2.817095638,0.000000000,0.000000000,0.000000000,0.000000000,1.339274867,0.000000000,0.000000000
545.790000,0.000000000,0.000000000,0.116003266,1.275071739,0.000000000,0.000000000,,,,,,,,,,,,,,,,,,,,,,,,,,,,,,,,
545.992000,0.000000000,0.000000000,0.107301297,1.283214434,0.000000000,0.000000000,,,,,,,,,,,,,,,,,,,,,,,,,,,,,,,,
546.052000,,,,,,,0.000000000,0.000000000,0.000000000,0.000000000,0.000000000,3.141592654,-1.979513184,-7.070449591,-3.304516540,0.000000000,0.000000000,0.000000000,0.000000000,1.378929712,0.000000000,0.000000000,0.000000000,0.000000000,0.000000000,0.000000000,0.000000000,3.141592654,-1.994641098,-7.018876727,-3.178554211,0.000000000,0.000000000,0.000000000,0.000000000,1.408687197,0.000000000,0.000000000
546.107000,0.000000000,0.000000000,0.088556293,1.531969365,0.000000000,0.000000000,,,,,,,,,,,,,,,,,,,,,,,,,,,,,,,,
546.240000,0.000000000,0.000000000,0.080037304,1.594427245,0.000000000,0.000000000,,,,,,,,,,,,,,,,,,,,,,,,,,,,,,,,
546.367000,,,,,,,0.000000000,0.000000000,0.000000000,0.000000000,0.000000000,3.141592654,-1.880498702,-7.199261206,-3.733235042,0.000000000,,,,,,,0.000000000,0.000000000,0.000000000,0.000000000,0.000000000,3.141592654,-1.892050349,-7.152563812,-3.600694916,0.000000000,0.000000000,0.000000000,0.000000000,1.439757231,0.000000000,0.000000000
546.368000,,,,,,,,,,,,,,,,,0.000000000,0.000000000,0.000000000,1.394107066,0.000000000,0.000000000,,,,,,,,,,,,,,,,
546.382000,0.000000000,0.000000000,0.074235569,1.578186677,0.000000000,0.000000000,,,,,,,,,,,,,,,,,,,,,,,,,,,,,,,,
546.485000,0.000000000,0.000000000,0.071394167,1.601975558,0.000000000,0.000000000,,,,,,,,,,,,,,,,,,,,,,,,,,,,,,,,
546.587000,0.000000000,0.000000000,0.070272651,1.579294051,0.000000000,0.000000000,,,,,,,,,,,,,,,,,,,,,,,,,,,,,,,,
546.609000,,,,,,,0.000000000,0.000000000,0.000000000,0.000000000,0.000000000,3.141592654,-1.816895314,-7.277309871,-4.082408317,0.000000000,0.000000000,0.000000000,0.000000000,1.517312023,0.000000000,0.000000000,,,,,,,,,,,0.000000000,0.000000000,0.000000000,1.527666865,0.000000000,0.000000000
546.610000,,,,,,,,,,,,,,,,,,,,,,,0.000000000,0.000000000,0.000000000,0.000000000,0.000000000,3.141592654,-1.816063677,-7.238383715,-3.966407569,0.000000000,,,,,,
546.733000,0.000000000,0.000000000,0.060488418,1.623053969,0.000000000,0.000000000,,,,,,,,,,,,,,,,,,,,,,,,,,,,,,,,
546.872000,,,,,,,0.000000000,0.000000000,0.000000000,0.000000000,0.000000000,3.141592654,-1.751597942,-7.342714200,-4.484863958,0.000000000,0.000000000,0.000000000,0.000000000,1.583457331,0.000000000,0.000000000,0.000000000,0.000000000,0.000000000,0.000000000,0.000000000,3.141592654,-1.755558588,-7.311203617,-4.371097851,0.000000000,0.000000000,0.000000000,0.000000000,1.579726860,0.000000000,0.000000000
546.886000,0.000000000,0.000000000,0.056768660,1.704743335,0.000000000,0.000000000,,,,,,,,,,,,,,,,,,,,,,,,,,,,,,,,
547.033000,0.000000000,0.000000000,0.049369601,1.613282165,0.000000000,0.000000000,,,,,,,,,,,,,,,,,,,,,,,,,,,,,,,,
547.122000,,,,,,,0.000000000,0.000000000,0.000000000,0.000000000,0.000000000,3.141592654,-1.698130224,-7.384349421,-4.859922468,0.000000000,0.000000000,0.000000000,0.000000000,1.602260099,0.000000000,0.000000000,0.000000000,0.000000000,0.000000000,0.000000000,0.000000000,3.141592654,-1.697071880,-7.354716936,-4.783036196,0.000000000,0.000000000,0.000000000,0.000000000,1.634571131,0.000000000,0.000000000
547.134000,0.000000000,0.000000000,0.046348612,1.618356082,0.000000000,0.000000000,,,,,,,,,,,,,,,,,,,,,,,,,,,,,,,,
547.235000,0.000000000,0.000000000,0.042552567,1.619067304,0.000000000,0.000000000,,,,,,,,,,,,,,,,,,,,,,,,,,,,,,,,
547.387000,0.000000000,0.000000000,0.036618143,1.630474252,0.000000000,0.000000000,,,,,,,,,,,,,,,,,,,,,,,,,,,,,,,,
547.401000,,,,,,,0.000000000,0.000000000,0.000000000,0.000000000,0.000000000,3.141592654,-1.647456756,-7.415391288,-5.322323462,0.000000000,0.000000000,0.000000000,0.000000000,1.558824538,0.000000000,0.000000000,0.000000000,0.000000000,0.000000000,0.000000000,0.000000000,3.141592654,-1.645169908,-7.397638571,-5.271711859,0.000000000,0.000000000,0.000000000,0.000000000,1.597375280,0.000000000,0.000000000
547.489000,0.000000000,0.000000000,0.034761318,1.683780851,0.000000000,0.000000000,,,,,,,,,,,,,,,,,,,,,,,,,,,,,,,,
547.628000,,,,,,,,,,,,,,,,,,,,,,,0.000000000,0.000000000,0.000000000,0.000000000,0.000000000,3.141592654,-1.621788893,-7.418224097,-5.603505857,0.000000000,0.000000000,0.000000000,0.000000000,1.666193719,0.000000000,0.000000000
547.629000,,,,,,,0.000000000,0.000000000,0.000000000,0.000000000,0.000000000,3.141592654,-1.614735102,-7.427570740,-5.693617964,0.000000000,0.000000000,0.000000000,0.000000000,1.652305479,0.000000000,0.000000000,,,,,,,,,,,,,,,,
547.649000,0.000000000,0.000000000,0.029418532,1.631047818,0.000000000,0.000000000,,,,,,,,,,,,,,,,,,,,,,,,,,,,,,,,
547.791000,0.000000000,0.000000000,0.022612020,1.649661119,0.000000000,0.000000000,,,,,,,,,,,,,,,,,,,,,,,,,,,,,,,,
547.890000,,,,,,,0.000000000,0.000000000,0.000000000,0.000000000,0.000000000,3.141592654,-1.586305535,-7.431288856,-6.138015228,0.000000000,0.000000000,0.000000000,0.000000000,1.654919265,0.000000000,0.000000000,0.000000000,0.000000000,0.000000000,0.000000000,0.000000000,3.141592654,-1.592708700,-7.428498258,-6.009961927,0.000000000,0.000000000,0.000000000,0.000000000,1.708276263,0.000000000,0.000000000
547.898000,0.000000000,0.000000000,0.020421842,1.616298232,0.000000000,0.000000000,,,,,,,,,,,,,,,,,,,,,,,,,,,,,,,,
548.034000,0.000000000,0.000000000,-0.004270064,1.603536252,0.000000000,0.000000000,,,,,,,,,,,,,,,,,,,,,,,,,,,,,,,,
548.140000,0.000000000,0.000000000,-0.013792828,1.603414521,0.000000000,0.000000000,0.000000000,0.000000000,0.000000000,0.000000000,0.000000000,3.141592654,-1.575511371,-7.430916244,-6.509495642,0.000000000,0.000000000,0.000000000,0.000000000,1.611086349,0.000000000,0.000000000,0.000000000,0.000000000,0.000000000,0.000000000,0.000000000,3.141592654,-1.575775247,-7.430966880,-6.419505924,0.000000000,0.000000000,0.000000000,0.000000000,1.610970234,0.000000000,0.000000000
548.284000,0.000000000,0.000000000,0.004340310,1.698614521,0.000000000,0.000000000,,,,,,,,,,,,,,,,,,,,,,,,,,,,,,,,
548.398000,,,,,,,0.000000000,0.000000000,0.000000000,0.000000000,0.000000000,3.141592654,-1.578742418,-7.435891871,-6.970343314,0.000000000,0.000000000,0.000000000,0.000000000,1.710857914,0.000000000,0.000000000,0.000000000,0.000000000,0.000000000,0.000000000,0.000000000,3.141592654,-1.579939369,-7.433988173,-6.904157976,0.000000000,0.000000000,0.000000000,0.000000000,1.687446543,0.000000000,0.000000000
548.433000,0.000000000,0.000000000,0.013827025,1.667066160,0.000000000,0.000000000,,,,,,,,,,,,,,,,,,,,,,,,,,,,,,,,
548.545000,0.000000000,0.000000000,0.024611569,1.623835523,0.000000000,0.000000000,,,,,,,,,,,,,,,,,,,,,,,,,,,,,,,,
548.632000,,,,,,,0.000000000,0.000000000,0.000000000,0.000000000,0.000000000,3.141592654,-1.561646920,-7.430608113,-7.381990727,0.000000000,0.000000000,0.000000000,0.000000000,1.671863363,0.000000000,0.000000000,0.000000000,0.000000000,0.000000000,0.000000000,0.000000000,3.141592654,-1.566290189,-7.425709578,-7.257261800,0.000000000,0.000000000,0.000000000,0.000000000,1.712828265,0.000000000,0.000000000
548.656000,0.000000000,0.000000000,0.027518571,1.623890161,0.000000000,0.000000000,,,,,,,,,,,,,,,,,,,,,,,,,,,,,,,,
548.785000,0.000000000,0.000000000,0.031523759,1.636509362,0.000000000,0.000000000,,,,,,,,,,,,,,,,,,,,,,,,,,,,,,,,
548.870000,,,,,,,0.000000000,0.000000000,0.000000000,0.000000000,0.000000000,3.141592654,-1.536142675,-7.414289633,-7.759153078,0.000000000,0.000000000,0.000000000,0.000000000,1.619625327,0.000000000,0.000000000,0.000000000,0.000000000,0.000000000,0.000000000,0.000000000,3.141592654,-1.541332791,-7.412920246,-7.671973061,0.000000000,0.000000000,0.000000000,0.000000000,1.608903824,0.000000000,0.000000000
548.940000,0.000000000,0.000000000,0.044129081,1.622353410,0.000000000,0.000000000,,,,,,,,,,,,,,,,,,,,,,,,,,,,,,,,
549.087000,0.000000000,0.000000000,0.040729015,1.591306255,0.000000000,0.000000000,,,,,,,,,,,,,,,,,,,,,,,,,,,,,,,,
549.118000,,,,,,,0.000000000,0.000000000,0.000000000,0.000000000,0.000000000,3.141592654,-1.497731253,-7.380349991,-8.155289168,0.000000000,,,,,,,0.000000000,0.000000000,0.000000000,0.000000000,0.000000000,3.141592654,-1.503636062,-7.383445834,-8.072680102,0.000000000,,,,,,
549.119000,,,,,,,,,,,,,,,,,0.000000000,0.000000000,0.000000000,1.531929110,0.000000000,0.000000000,,,,,,,,,,,0.000000000,0.000000000,0.000000000,1.536157232,0.000000000,0.000000000
549.200000,0.000000000,0.000000000,0.052111265,1.568796293,0.000000000,0.000000000,,,,,,,,,,,,,,,,,,,,,,,,,,,,,,,,
549.338000,0.000000000,0.000000000,0.067139276,1.599423721,0.000000000,0.000000000,,,,,,,,,,,,,,,,,,,,,,,,,,,,,,,,
549.404000,,,,,,,0.000000000,0.000000000,0.000000000,0.000000000,0.000000000,3.141592654,-1.434889864,-7.316774994,-8.594154116,0.000000000,0.000000000,0.000000000,0.000000000,1.519603946,0.000000000,0.000000000,0.000000000,0.000000000,0.000000000,0.000000000,0.000000000,3.141592654,-1.441143211,-7.313595029,-8.545813399,0.000000000,0.000000000,0.000000000,0.000000000,1.472560178,0.000000000,0.000000000
549.448000,0.000000000,0.000000000,0.075744601,1.603954327,0.000000000,0.000000000,,,,,,,,,,,,,,,,,,,,,,,,,,,,,,,,
549.592000,0.000000000,0.000000000,0.091590234,1.509316311,0.000000000,0.000000000,,,,,,,,,,,,,,,,,,,,,,,,,,,,,,,,
549.624000,,,,,,,0.000000000,0.000000000,0.000000000,0.000000000,0.000000000,3.141592654,-1.376883451,-7.249608477,-8.890022200,0.000000000,,,,,,,0.000000000,0.000000000,0.000000000,0.000000000,0.000000000,3.141592654,-1.391231829,-7.259448318,-8.842077971,0.000000000,0.000000000,0.000000000,0.000000000,1.523048009,0.000000000,0.000000000
549.630000,,,,,,,,,,,,,,,,,0.000000000,0.000000000,0.000000000,1.471069050,0.000000000,0.000000000,,,,,,,,,,,,,,,,
549.734000,0.000000000,0.000000000,0.098986566,1.524667142,0.000000000,0.000000000,,,,,,,,,,,,,,,,,,,,,,,,,,,,,,,,
549.842000,0.000000000,0.000000000,0.102036671,1.570707082,0.000000000,0.000000000,,,,,,,,,,,,,,,,,,,,,,,,,,,,,,,,
549.873000,,,,,,,0.000000000,0.000000000,0.000000000,0.000000000,0.000000000,3.141592654,-1.283923983,-7.125439925,-9.272983489,0.000000000,0.000000000,0.000000000,0.000000000,1.495213856,0.000000000,0.000000000,0.000000000,0.000000000,0.000000000,0.000000000,0.000000000,3.141592654,-1.297717145,-7.151162877,-9.199983729,0.000000000,0.000000000,0.000000000,0.000000000,1.492634029,0.000000000,0.000000000
549.957000,0.000000000,0.000000000,0.121408904,1.443510398,0.000000000,0.000000000,,,,,,,,,,,,,,,,,,,,,,,,,,,,,,,,
550.107000,0.000000000,0.000000000,0.141788725,1.405369234,0.000000000,0.000000000,,,,,,,,,,,,,,,,,,,,,,,,,,,,,,,,
550.165000,,,,,,,0.000000000,0.000000000,0.000000000,0.000000000,0.000000000,3.141592654,-1.154825959,-6.947536496,-9.652674559,0.000000000,0.000000000,0.000000000,0.000000000,1.387161929,0.000000000,0.000000000,0.000000000,0.000000000,0.000000000,0.000000000,0.000000000,3.141592654,-1.175383910,-6.975251866,-9.602284539,0.000000000,0.000000000,0.000000000,0.000000000,1.356152604,0.000000000,0.000000000
550.237000,0.000000000,0.000000000,0.169256439,1.344878297,0.000000000,0.000000000,,,,,,,,,,,,,,,,,,,,,,,,,,,,,,,,
550.391000,0.000000000,0.000000000,0.190752338,1.278287257,0.000000000,0.000000000,,,,,,,,,,,,,,,,,,,,,,,,,,,,,,,,
550.427000,,,,,,,0.000000000,0.000000000,0.000000000,0.000000000,0.000000000,3.141592654,-1.010246339,-6.740827031,-9.955059697,0.000000000,0.000000000,0.000000000,0.000000000,1.304120603,0.000000000,0.000000000,0.000000000,0.000000000,0.000000000,0.000000000,0.000000000,3.141592654,-1.041653463,-6.799066166,-9.891702995,0.000000000,0.000000000,0.000000000,0.000000000,1.330404170,0.000000000,0.000000000
550.538000,0.000000000,0.000000000,0.196226395,1.188862308,0.000000000,0.000000000,,,,,,,,,,,,,,,,,,,,,,,,,,,,,,,,
550.643000,0.000000000,0.000000000,0.204798608,1.123272157,0.000000000,0.000000000,,,,,,,,,,,,,,,,,,,,,,,,,,,,,,,,
550.644000,,,,,,,0.000000000,0.000000000,0.000000000,0.000000000,0.000000000,3.141592654,-0.890275408,-6.572077428,-10.137162675,0.000000000,0.000000000,0.000000000,0.000000000,1.213407050,0.000000000,0.000000000,,,,,,,,,,,0.000000000,0.000000000,0.000000000,1.238267879,0.000000000,0.000000000
550.645000,,,,,,,,,,,,,,,,,,,,,,,0.000000000,0.000000000,0.000000000,0.000000000,0.000000000,3.141592654,-0.916925201,-6.606897352,-10.111455223,0.000000000,,,,,,
550.749000,0.000000000,0.000000000,0.205059675,1.095340995,0.000000000,0.000000000,,,,,,,,,,,,,,,,,,,,,,,,,,,,,,,,
550.892000,0.000000000,0.000000000,0.206342201,1.019823785,0.000000000,0.000000000,,,,,,,,,,,,,,,,,,,,,,,,,,,,,,,,
550.913000,,,,,,,0.000000000,0.000000000,0.000000000,0.000000000,0.000000000,3.141592654,-0.715699497,-6.314865006,-10.345332022,0.000000000,0.000000000,0.000000000,0.000000000,1.093043426,0.000000000,0.000000000,0.000000000,0.000000000,0.000000000,0.000000000,0.000000000,3.141592654,-0.747485204,-6.332640199,-10.369622912,0.000000000,0.000000000,0.000000000,0.000000000,1.097245043,0.000000000,0.000000000
551.037000,0.000000000,0.000000000,0.201030651,0.965753695,0.000000000,0.000000000,,,,,,,,,,,,,,,,,,,,,,,,,,,,,,,,
551.139000,0.000000000,0.000000000,0.180610202,0.960612528,0.000000000,0.000000000,,,,,,,,,,,,,,,,,,,,,,,,,,,,,,,,
551.167000,,,,,,,0.000000000,0.000000000,0.000000000,0.000000000,0.000000000,3.141592654,-0.572592678,-6.065564090,-10.492181122,0.000000000,0.000000000,0.000000000,0.000000000,1.009873819,0.000000000,0.000000000,0.000000000,0.000000000,0.000000000,0.000000000,0.000000000,3.141592654,-0.603875638,-6.107455801,-10.502406770,0.000000000,0.000000000,0.000000000,0.000000000,1.001042814,0.000000000,0.000000000
551.290000,0.000000000,0.000000000,0.156784057,1.086445230,0.000000000,0.000000000,,,,,,,,,,,,,,,,,,,,,,,,,,,,,,,,
551.395000,0.000000000,0.000000000,0.145321298,1.095373767,0.000000000,0.000000000,,,,,,,,,,,,,,,,,,,,,,,,,,,,,,,,
551.453000,,,,,,,0.000000000,0.000000000,0.000000000,0.000000000,0.000000000,3.141592654,-0.457436225,-5.799559610,-10.613259615,0.000000000,0.000000000,0.000000000,0.000000000,1.119403352,0.000000000,0.000000000,0.000000000,0.000000000,0.000000000,0.000000000,0.000000000,3.141592654,-0.477068732,-5.842622224,-10.637281321,0.000000000,0.000000000,0.000000000,0.000000000,1.109865906,0.000000000,0.000000000
551.549000,0.000000000,0.000000000,0.152528668,1.073743196,0.000000000,0.000000000,,,,,,,,,,,,,,,,,,,,,,,,,,,,,,,,
551.691000,,,,,,,0.000000000,0.000000000,0.000000000,0.000000000,0.000000000,3.141592654,-0.354681577,-5.513766099,-10.712350218,0.000000000,0.000000000,0.000000000,0.000000000,1.128065034,0.000000000,0.000000000,,,,,,,,,,,0.000000000,0.000000000,0.000000000,1.117964264,0.000000000,0.000000000
551.692000,0.000000000,0.000000000,0.134114152,1.071531878,0.000000000,0.000000000,,,,,,,,,,,,,,,,,,,,,,,,,,,,,,,,
551.696000,,,,,,,,,,,,,,,,,,,,,,,0.000000000,0.000000000,0.000000000,0.000000000,0.000000000,3.141592654,-0.386587335,-5.641993355,-10.683155304,0.000000000,,,,,,
551.797000,0.000000000,0.000000000,0.126522079,1.025067202,0.000000000,0.000000000,,,,,,,,,,,,,,,,,,,,,,,,,,,,,,,,
551.951000,0.000000000,0.000000000,0.101119778,1.019149264,0.000000000,0.000000000,,,,,,,,,,,,,,,,,,,,,,,,,,,,,,,,
551.986000,,,,,,,0.000000000,0.000000000,0.000000000,0.000000000,0.000000000,3.141592654,-0.264956905,-5.204317819,-10.790406788,0.000000000,0.000000000,0.000000000,0.000000000,1.080428738,0.000000000,0.000000000,,,,,,,,,,,0.000000000,0.000000000,0.000000000,1.052126188,0.000000000,0.000000000
551.987000,,,,,,,,,,,,,,,,,,,,,,,0.000000000,0.000000000,0.000000000,0.000000000,0.000000000,3.141592654,-0.290423196,-5.328184975,-10.762848487,0.000000000,,,,,,
552.098000,0.000000000,0.000000000,0.061759874,1.185895709,0.000000000,0.000000000,,,,,,,,,,,,,,,,,,,,,,,,,,,,,,,,
552.238000,0.000000000,0.000000000,0.032019891,1.376421314,0.000000000,0.000000000,,,,,,,,,,,,,,,,,,,,,,,,,,,,,,,,
552.261000,,,,,,,0.000000000,0.000000000,0.000000000,0.000000000,0.000000000,3.141592654,-0.211943381,-4.904332799,-10.851274945,0.000000000,0.000000000,0.000000000,0.000000000,1.274760312,0.000000000,0.000000000,0.000000000,0.000000000,0.000000000,0.000000000,0.000000000,3.141592654,-0.225554931,-5.002523937,-10.838908762,0.000000000,0.000000000,0.000000000,0.000000000,1.226872726,0.000000000,0.000000000
552.340000,0.000000000,0.000000000,0.017291540,1.568894858,0.000000000,0.000000000,,,,,,,,,,,,,,,,,,,,,,,,,,,,,,,,
552.441000,0.000000000,0.000000000,0.013781876,1.656296560,0.000000000,0.000000000,,,,,,,,,,,,,,,,,,,,,,,,,,,,,,,,
552.492000,,,,,,,0.000000000,0.000000000,0.000000000,0.000000000,0.000000000,3.141592654,-0.194925292,-4.561159015,-10.917960904,0.000000000,0.000000000,0.000000000,0.000000000,1.608602283,0.000000000,0.000000000,0.000000000,0.000000000,0.000000000,0.000000000,0.000000000,3.141592654,-0.210927167,-4.714474934,-10.910368347,0.000000000,0.000000000,0.000000000,0.000000000,1.514244461,0.000000000,0.000000000
552.589000,0.000000000,0.000000000,0.001362993,1.686328186,0.000000000,0.000000000,,,,,,,,,,,,,,,,,,,,,,,,,,,,,,,,
552.740000,0.000000000,0.000000000,-0.000690297,1.719762415,0.000000000,0.000000000,0.000000000,0.000000000,0.000000000,0.000000000,0.000000000,3.141592654,-0.190574607,-4.176588842,-10.991561643,0.000000000,0.000000000,0.000000000,0.000000000,1.659752595,0.000000000,0.000000000,0.000000000,0.000000000,0.000000000,0.000000000,0.000000000,3.141592654,-0.199148443,-4.312370949,-10.990865925,0.000000000,0.000000000,0.000000000,0.000000000,1.648183270,0.000000000,0.000000000
552.886000,0.000000000,0.000000000,0.007432909,1.627033879,0.000000000,0.000000000,,,,,,,,,,,,,,,,,,,,,,,,,,,,,,,,
552.985000,,,,,,,0.000000000,0.000000000,0.000000000,0.000000000,0.000000000,3.141592654,-0.186709303,-3.769338474,-11.069042377,0.000000000,0.000000000,0.000000000,0.000000000,1.668223873,0.000000000,0.000000000,0.000000000,0.000000000,0.000000000,0.000000000,0.000000000,3.141592654,-0.194679100,-3.918574486,-11.060872395,0.000000000,0.000000000,0.000000000,0.000000000,1.632273410,0.000000000,0.000000000
552.989000,0.000000000,0.000000000,0.009246100,1.709662555,0.000000000,0.000000000,,,,,,,,,,,,,,,,,,,,,,,,,,,,,,,,
553.140000,0.000000000,0.000000000,0.010316864,1.651573059,0.000000000,0.000000000,,,,,,,,,,,,,,,,,,,,,,,,,,,,,,,,
553.241000,0.000000000,0.000000000,0.014352228,1.617341862,0.000000000,0.000000000,,,,,,,,,,,,,,,,,,,,,,,,,,,,,,,,
553.268000,,,,,,,0.000000000,0.000000000,0.000000000,0.000000000,0.000000000,3.141592654,-0.175106513,-3.312690799,-11.150308059,0.000000000,0.000000000,0.000000000,0.000000000,1.581573804,0.000000000,0.000000000,0.000000000,0.000000000,0.000000000,0.000000000,0.000000000,3.141592654,-0.177870201,-3.405159990,-11.142337804,0.000000000,0.000000000,0.000000000,0.000000000,1.649767552,0.000000000,0.000000000
553.389000,0.000000000,0.000000000,0.019479655,1.624439289,0.000000000,0.000000000,,,,,,,,,,,,,,,,,,,,,,,,,,,,,,,,
553.517000,,,,,,,0.000000000,0.000000000,0.000000000,0.000000000,0.000000000,3.141592654,-0.156646861,-2.910534392,-11.214347730,0.000000000,0.000000000,0.000000000,0.000000000,1.623436366,0.000000000,0.000000000,0.000000000,0.000000000,0.000000000,0.000000000,0.000000000,3.141592654,-0.162395236,-3.011695920,-11.203515308,0.000000000,0.000000000,0.000000000,0.000000000,1.622439799,0.000000000,0.000000000
553.546000,0.000000000,0.000000000,0.045961818,1.533931512,0.000000000,0.000000000,,,,,,,,,,,,,,,,,,,,,,,,,,,,,,,,
553.648000,0.000000000,0.000000000,0.058307620,1.547282094,0.000000000,0.000000000,,,,,,,,,,,,,,,,,,,,,,,,,,,,,,,,
553.796000,0.000000000,0.000000000,0.055982375,1.319205856,0.000000000,0.000000000,,,,,,,,,,,,,,,,,,,,,,,,,,,,,,,,
553.843000,,,,,,,0.000000000,0.000000000,0.000000000,0.000000000,0.000000000,3.141592654,-0.094741174,-2.411329515,-11.266394260,0.000000000,,,,,,,0.000000000,0.000000000,0.000000000,0.000000000,0.000000000,3.141592654,-0.108028127,-2.528977480,-11.257218506,0.000000000,0.000000000,0.000000000,0.000000000,1.451544738,0.000000000,0.000000000
553.844000,,,,,,,,,,,,,,,,,0.000000000,0.000000000,0.000000000,1.377561308,0.000000000,0.000000000,,,,,,,,,,,,,,,,
553.940000,0.000000000,0.000000000,0.034170672,1.546965496,0.000000000,0.000000000,,,,,,,,,,,,,,,,,,,,,,,,,,,,,,,,
554.042000,0.000000000,0.000000000,0.024717597,1.663373586,0.000000000,0.000000000,,,,,,,,,,,,,,,,,,,,,,,,,,,,,,,,
554.154000,,,,,,,,,,,,,,,,,0.000000000,0.000000000,0.000000000,1.628121558,0.000000000,0.000000000,,,,,,,,,,,,,,,,
554.156000,,,,,,,,,,,,,,,,,,,,,,,0.000000000,0.000000000,0.000000000,0.000000000,0.000000000,3.141592654,-0.055482834,-2.006109396,-11.289613001,0.000000000,0.000000000,0.000000000,0.000000000,1.643702465,0.000000000,0.000000000
554.157000,,,,,,,0.000000000,0.000000000,0.000000000,0.000000000,0.000000000,3.141592654,-0.053559722,-1.957155666,-11.290749771,0.000000000,,,,,,,,,,,,,,,,,,,,,,
554.187000,0.000000000,0.000000000,0.012953429,1.632076329,0.000000000,0.000000000,,,,,,,,,,,,,,,,,,,,,,,,,,,,,,,,
554.312000,0.000000000,0.000000000,0.009548422,1.660380189,0.000000000,0.000000000,,,,,,,,,,,,,,,,,,,,,,,,,,,,,,,,
554.408000,,,,,,,,,,,,,,,,,0.000000000,0.000000000,0.000000000,1.680856956,0.000000000,0.000000000,,,,,,,,,,,,,,,,
554.409000,,,,,,,0.000000000,0.000000000,0.000000000,0.000000000,0.000000000,3.141592654,-0.041613397,-1.571068007,-11.306576540,0.000000000,,,,,,,0.000000000,0.000000000,0.000000000,0.000000000,0.000000000,3.141592654,-0.041037440,-1.603898840,-11.304102493,0.000000000,0.000000000,0.000000000,0.000000000,1.641704058,0.000000000,0.000000000
554.437000,0.000000000,0.000000000,0.001911816,1.685997785,0.000000000,0.000000000,,,,,,,,,,,,,,,,,,,,,,,,,,,,,,,,
554.543000,0.000000000,0.000000000,-0.004144663,1.730669916,0.000000000,0.000000000,,,,,,,,,,,,,,,,,,,,,,,,,,,,,,,,
554.644000,0.000000000,0.000000000,-0.003443108,1.701179353,0.000000000,0.000000000,,,,,,,,,,,,,,,,,,,,,,,,,,,,,,,,
554.671000,,,,,,,0.000000000,0.000000000,0.000000000,0.000000000,0.000000000,3.141592654,-0.041145572,-1.111797554,-11.324845911,0.000000000,0.000000000,0.000000000,0.000000000,1.717564955,0.000000000,0.000000000,0.000000000,0.000000000,0.000000000,0.000000000,0.000000000,3.141592654,-0.037995364,-1.179498843,-11.318781074,0.000000000,0.000000000,0.000000000,0.000000000,1.731115082,0.000000000,0.000000000
554.790000,0.000000000,0.000000000,-0.004090105,1.591226689,0.000000000,0.000000000,,,,,,,,,,,,,,,,,,,,,,,,,,,,,,,,
554.923000,,,,,,,0.000000000,0.000000000,0.000000000,0.000000000,0.000000000,3.141592654,-0.044648601,-0.684222130,-11.343880100,0.000000000,,,,,,,0.000000000,0.000000000,0.000000000,0.000000000,0.000000000,3.141592654,-0.041836695,-0.763513993,-11.336172801,0.000000000,0.000000000,0.000000000,0.000000000,1.592111341,0.000000000,0.000000000
554.929000,,,,,,,,,,,,,,,,,0.000000000,0.000000000,0.000000000,1.663537739,0.000000000,0.000000000,,,,,,,,,,,,,,,,
554.945000,0.000000000,0.000000000,0.003131910,1.613992000,0.000000000,0.000000000,,,,,,,,,,,,,,,,,,,,,,,,,,,,,,,,
555.094000,0.000000000,0.000000000,0.009206460,1.622643267,0.000000000,0.000000000,,,,,,,,,,,,,,,,,,,,,,,,,,,,,,,,
555.174000,,,,,,,,,,,,,,,,,0.000000000,0.000000000,0.000000000,1.621314542,0.000000000,0.000000000,,,,,,,,,,,,,,,,
555.175000,,,,,,,0.000000000,0.000000000,0.000000000,0.000000000,0.000000000,3.141592654,-0.040265663,-0.295666670,-11.359760245,0.000000000,,,,,,,0.000000000,0.000000000,0.000000000,0.000000000,0.000000000,3.141592654,-0.038223862,-0.358699514,-11.350789976,0.000000000,0.000000000,0.000000000,0.000000000,1.638517913,0.000000000,0.000000000
555.255000,0.000000000,0.000000000,0.013422902,1.636765489,0.000000000,0.000000000,,,,,,,,,,,,,,,,,,,,,,,,,,,,,,,,
555.385000,0.000000000,0.000000000,0.018186028,1.623527593,0.000000000,0.000000000,,,,,,,,,,,,,,,,,,,,,,,,,,,,,,,,
555.444000,,,,,,,0.000000000,0.000000000,0.000000000,0.000000000,0.000000000,3.141592654,-0.023509337,0.179986588,-11.372041119,0.000000000,0.000000000,0.000000000,0.000000000,1.624339558,0.000000000,0.000000000,0.000000000,0.000000000,0.000000000,0.000000000,0.000000000,3.141592654,-0.023640134,0.131903477,-11.365469353,0.000000000,0.000000000,0.000000000,0.000000000,1.667899186,0.000000000,0.000000000
555.539000,0.000000000,0.000000000,0.023301299,1.658273782,0.000000000,0.000000000,,,,,,,,,,,,,,,,,,,,,,,,,,,,,,,,
555.642000,0.000000000,0.000000000,0.028201323,1.692310042,0.000000000,0.000000000,,,,,,,,,,,,,,,,,,,,,,,,,,,,,,,,
555.727000,,,,,,,0.000000000,0.000000000,0.000000000,0.000000000,0.000000000,3.141592654,0.000486889,0.612610338,-11.372794730,0.000000000,,,,,,,,,,,,,,,,,0.000000000,0.000000000,0.000000000,1.735496315,0.000000000,0.000000000
555.729000,,,,,,,,,,,,,,,,,0.000000000,0.000000000,0.000000000,1.693905786,0.000000000,0.000000000,0.000000000,0.000000000,0.000000000,0.000000000,0.000000000,3.141592654,-0.002997903,0.544540674,-11.369538033,0.000000000,,,,,,
555.789000,0.000000000,0.000000000,0.032579337,1.766789207,0.000000000,0.000000000,,,,,,,,,,,,,,,,,,,,,,,,,,,,,,,,
555.892000,0.000000000,0.000000000,0.033312733,1.629343976,0.000000000,0.000000000,,,,,,,,,,,,,,,,,,,,,,,,,,,,,,,,
556.029000,,,,,,,0.000000000,0.000000000,0.000000000,0.000000000,0.000000000,3.141592654,0.039479454,1.106208438,-11.356025253,0.000000000,0.000000000,0.000000000,0.000000000,1.623040340,0.000000000,0.000000000,0.000000000,0.000000000,0.000000000,0.000000000,0.000000000,3.141592654,0.034329532,1.040268584,-11.357127690,0.000000000,0.000000000,0.000000000,0.000000000,1.621876306,0.000000000,0.000000000
556.042000,0.000000000,0.000000000,0.036820384,1.708615152,0.000000000,0.000000000,,,,,,,,,,,,,,,,,,,,,,,,,,,,,,,,
556.184000,0.000000000,0.000000000,0.037488591,1.621347987,0.000000000,0.000000000,,,,,,,,,,,,,,,,,,,,,,,,,,,,,,,,
556.290000,0.000000000,0.000000000,0.039884680,1.670747889,0.000000000,0.000000000,,,,,,,,,,,,,,,,,,,,,,,,,,,,,,,,
556.320000,,,,,,,0.000000000,0.000000000,0.000000000,0.000000000,0.000000000,3.141592654,0.087081579,1.617792856,-11.315004537,0.000000000,0.000000000,0.000000000,0.000000000,1.637166520,0.000000000,0.000000000,0.000000000,0.000000000,0.000000000,0.000000000,0.000000000,3.141592654,0.076914300,1.535969525,-11.321674549,0.000000000,0.000000000,0.000000000,0.000000000,1.649888494,0.000000000,0.000000000
556.431000,0.000000000,0.000000000,0.034568407,1.648317620,0.000000000,0.000000000,,,,,,,,,,,,,,,,,,,,,,,,,,,,,,,,
556.534000,0.000000000,0.000000000,0.039726109,1.651515669,0.000000000,0.000000000,,,,,,,,,,,,,,,,,,,,,,,,,,,,,,,,
556.571000,,,,,,,0.000000000,0.000000000,0.000000000,0.000000000,0.000000000,3.141592654,0.123798557,2.025118504,-11.264080051,0.000000000,0.000000000,0.000000000,0.000000000,1.713502759,0.000000000,0.000000000,0.000000000,0.000000000,0.000000000,0.000000000,0.000000000,3.141592654,0.118101274,1.942586048,-11.274401769,0.000000000,0.000000000,0.000000000,0.000000000,1.644802218,0.000000000,0.000000000
556.691000,0.000000000,0.000000000,0.040975392,1.654210750,0.000000000,0.000000000,,,,,,,,,,,,,,,,,,,,,,,,,,,,,,,,
556.820000,,,,,,,0.000000000,0.000000000,0.000000000,0.000000000,0.000000000,3.141592654,0.166615515,2.423563796,-11.197667575,0.000000000,,,,,,,0.000000000,0.000000000,0.000000000,0.000000000,0.000000000,3.141592654,0.156766487,2.345739069,-11.211202980,0.000000000,0.000000000,0.000000000,0.000000000,1.630240969,0.000000000,0.000000000
556.821000,,,,,,,,,,,,,,,,,0.000000000,0.000000000,0.000000000,1.603487738,0.000000000,0.000000000,,,,,,,,,,,,,,,,
556.832000,0.000000000,0.000000000,0.037525531,1.634907289,0.000000000,0.000000000,,,,,,,,,,,,,,,,,,,,,,,,,,,,,,,,
556.984000,0.000000000,0.000000000,0.036929600,1.677959249,0.000000000,0.000000000,,,,,,,,,,,,,,,,,,,,,,,,,,,,,,,,
557.042000,,,,,,,0.000000000,0.000000000,0.000000000,0.000000000,0.000000000,3.141592654,0.199181595,2.774946495,-11.125885756,0.000000000,0.000000000,0.000000000,0.000000000,1.662524025,0.000000000,0.000000000,0.000000000,0.000000000,0.000000000,0.000000000,0.000000000,3.141592654,0.195121054,2.743808478,-11.133477966,0.000000000,0.000000000,0.000000000,0.000000000,1.693858227,0.000000000,0.000000000
557.186000,0.000000000,0.000000000,0.039958614,1.703582575,0.000000000,0.000000000,,,,,,,,,,,,,,,,,,,,,,,,,,,,,,,,
557.305000,,,,,,,0.000000000,0.000000000,0.000000000,0.000000000,0.000000000,3.141592654,0.241574671,3.196820719,-11.022342931,0.000000000,0.000000000,0.000000000,0.000000000,1.628155474,0.000000000,0.000000000,0.000000000,0.000000000,0.000000000,0.000000000,0.000000000,3.141592654,0.236647201,3.134251849,-11.040372490,0.000000000,0.000000000,0.000000000,0.000000000,1.657463922,0.000000000,0.000000000
557.339000,0.000000000,0.000000000,0.039806658,1.605933373,0.000000000,0.000000000,,,,,,,,,,,,,,,,,,,,,,,,,,,,,,,,
557.491000,0.000000000,0.000000000,0.038390376,1.718447075,0.000000000,0.000000000,,,,,,,,,,,,,,,,,,,,,,,,,,,,,,,,
557.508000,,,,,,,0.000000000,0.000000000,0.000000000,0.000000000,0.000000000,3.141592654,0.272632514,3.485955769,-10.940091888,0.000000000,,,,,,,0.000000000,0.000000000,0.000000000,0.000000000,0.000000000,3.141592654,0.267580795,3.440714902,-10.956328174,0.000000000,0.000000000,0.000000000,0.000000000,1.586450870,0.000000000,0.000000000
557.509000,,,,,,,,,,,,,,,,,0.000000000,0.000000000,0.000000000,1.623237036,0.000000000,0.000000000,,,,,,,,,,,,,,,,
557.633000,0.000000000,0.000000000,0.038251504,1.677374864,0.000000000,0.000000000,,,,,,,,,,,,,,,,,,,,,,,,,,,,,,,,
557.758000,0.000000000,0.000000000,0.037954684,1.650072111,0.000000000,0.000000000,,,,,,,,,,,,,,,,,,,,,,,,,,,,,,,,
557.765000,,,,,,,0.000000000,0.000000000,0.000000000,0.000000000,0.000000000,3.141592654,0.309270926,3.859739014,-10.820027435,0.000000000,0.000000000,0.000000000,0.000000000,1.651657045,0.000000000,0.000000000,0.000000000,0.000000000,0.000000000,0.000000000,0.000000000,3.141592654,0.307772636,3.828268744,-10.830966360,0.000000000,0.000000000,0.000000000,0.000000000,1.664643336,0.000000000,0.000000000
557.882000,0.000000000,0.000000000,0.039585446,1.607665383,0.000000000,0.000000000,,,,,,,,,,,,,,,,,,,,,,,,,,,,,,,,
557.977000,,,,,,,0.000000000,0.000000000,0.000000000,0.000000000,0.000000000,3.141592654,0.349137714,4.225352254,-10.686918587,0.000000000,0.000000000,0.000000000,0.000000000,1.597867027,0.000000000,0.000000000,0.000000000,0.000000000,0.000000000,0.000000000,0.000000000,3.141592654,0.337826184,4.136717754,-10.721322950,0.000000000,0.000000000,0.000000000,0.000000000,1.604982655,0.000000000,0.000000000
557.991000,0.000000000,0.000000000,0.040470080,1.621226165,0.000000000,0.000000000,,,,,,,,,,,,,,,,,,,,,,,,,,,,,,,,
558.140000,0.000000000,0.000000000,0.039207446,1.661400144,0.000000000,0.000000000,,,,,,,,,,,,,,,,,,,,,,,,,,,,,,,,
558.214000,,,,,,,0.000000000,0.000000000,0.000000000,0.000000000,0.000000000,3.141592654,0.384213172,4.567270064,-10.547280306,0.000000000,0.000000000,0.000000000,0.000000000,1.641538450,0.000000000,0.000000000,0.000000000,0.000000000,0.000000000,0.000000000,0.000000000,3.141592654,0.379348077,4.507916296,-10.573248647,0.000000000,0.000000000,0.000000000,0.000000000,1.631785775,0.000000000,0.000000000
558.291000,0.000000000,0.000000000,0.029657360,1.693719963,0.000000000,0.000000000,,,,,,,,,,,,,,,,,,,,,,,,,,,,,,,,
558.434000,,,,,,,0.000000000,0.000000000,0.000000000,0.000000000,0.000000000,3.141592654,0.414233353,4.908385790,-10.396140018,0.000000000,,,,,,,0.000000000,0.000000000,0.000000000,0.000000000,0.000000000,3.141592654,0.408260645,4.803727104,-10.441563205,0.000000000,0.000000000,0.000000000,0.000000000,1.658684598,0.000000000,0.000000000
558.435000,0.000000000,0.000000000,0.014774085,1.622748785,0.000000000,0.000000000,,,,,,,,,,,0.000000000,0.000000000,0.000000000,1.628774466,0.000000000,0.000000000,,,,,,,,,,,,,,,,
558.537000,0.000000000,0.000000000,0.010037426,1.613352489,0.000000000,0.000000000,,,,,,,,,,,,,,,,,,,,,,,,,,,,,,,,
558.640000,0.000000000,0.000000000,0.002498630,1.625384019,0.000000000,0.000000000,,,,,,,,,,,,,,,,,,,,,,,,,,,,,,,,
558.709000,,,,,,,0.000000000,0.000000000,0.000000000,0.000000000,0.000000000,3.141592654,0.424601240,5.310785685,-10.213601307,0.000000000,0.000000000,0.000000000,0.000000000,1.637947212,0.000000000,0.000000000,0.000000000,0.000000000,0.000000000,0.000000000,0.000000000,3.141592654,0.425813075,5.249374811,-10.236669238,0.000000000,0.000000000,0.000000000,0.000000000,1.704620452,0.000000000,0.000000000
558.783000,0.000000000,0.000000000,-0.009279872,1.657507692,0.000000000,0.000000000,,,,,,,,,,,,,,,,,,,,,,,,,,,,,,,,
558.886000,0.000000000,0.000000000,-0.011713901,1.650212162,0.000000000,0.000000000,,,,,,,,,,,,,,,,,,,,,,,,,,,,,,,,
558.923000,,,,,,,0.000000000,0.000000000,0.000000000,0.000000000,0.000000000,3.141592654,0.418442142,5.627981576,-10.072576176,0.000000000,0.000000000,0.000000000,0.000000000,1.744529780,0.000000000,0.000000000,0.000000000,0.000000000,0.000000000,0.000000000,0.000000000,3.141592654,0.422005493,5.547910059,-10.101672528,0.000000000,0.000000000,0.000000000,0.000000000,1.666982692,0.000000000,0.000000000
559.040000,0.000000000,0.000000000,-0.005231781,1.700270324,0.000000000,0.000000000,,,,,,,,,,,,,,,,,,,,,,,,,,,,,,,,
559.178000,,,,,,,0.000000000,0.000000000,0.000000000,0.000000000,0.000000000,3.141592654,0.413174469,6.033924961,-9.895081813,0.000000000,0.000000000,0.000000000,0.000000000,1.723827738,0.000000000,0.000000000,0.000000000,0.000000000,0.000000000,0.000000000,0.000000000,3.141592654,0.415554828,5.952235655,-9.919808689,0.000000000,0.000000000,0.000000000,0.000000000,1.700063471,0.000000000,0.000000000
559.189000,0.000000000,0.000000000,0.008844319,1.606127507,0.000000000,0.000000000,,,,,,,,,,,,,,,,,,,,,,,,,,,,,,,,
559.336000,0.000000000,0.000000000,0.016953396,1.677892157,0.000000000,0.000000000,,,,,,,,,,,,,,,,,,,,,,,,,,,,,,,,
559.404000,,,,,,,0.000000000,0.000000000,0.000000000,0.000000000,0.000000000,3.141592654,0.423174759,6.371381058,-9.742978610,0.000000000,0.000000000,0.000000000,0.000000000,1.666087071,0.000000000,0.000000000,0.000000000,0.000000000,0.000000000,0.000000000,0.000000000,3.141592654,0.423154828,6.324499230,-9.755393925,0.000000000,0.000000000,0.000000000,0.000000000,1.639628578,0.000000000,0.000000000
559.439000,0.000000000,0.000000000,0.023238267,1.645427733,0.000000000,0.000000000,,,,,,,,,,,,,,,,,,,,,,,,,,,,,,,,
559.542000,0.000000000,0.000000000,0.026919723,1.615601056,0.000000000,0.000000000,,,,,,,,,,,,,,,,,,,,,,,,,,,,,,,,
559.610000,,,,,,,0.000000000,0.000000000,0.000000000,0.000000000,0.000000000,3.141592654,0.443972276,6.688454604,-9.591476193,0.000000000,0.000000000,0.000000000,0.000000000,1.678825627,0.000000000,0.000000000,0.000000000,0.000000000,0.000000000,0.000000000,0.000000000,3.141592654,0.440768684,6.625124485,-9.615034871,0.000000000,0.000000000,0.000000000,0.000000000,1.717922047,0.000000000,0.000000000
559.687000,0.000000000,0.000000000,0.029440880,1.681818704,0.000000000,0.000000000,,,,,,,,,,,,,,,,,,,,,,,,,,,,,,,,
559.801000,,,,,,,0.000000000,0.000000000,0.000000000,0.000000000,0.000000000,3.141592654,0.464027336,6.964748424,-9.451495433,0.000000000,0.000000000,0.000000000,0.000000000,1.706525661,0.000000000,0.000000000,0.000000000,0.000000000,0.000000000,0.000000000,0.000000000,3.141592654,0.461184396,6.917149110,-9.467493172,0.000000000,0.000000000,0.000000000,0.000000000,1.675150659,0.000000000,0.000000000
559.832000,0.000000000,0.000000000,0.033183170,1.631082755,0.000000000,0.000000000,,,,,,,,,,,,,,,,,,,,,,,,,,,,,,,,
559.941000,0.000000000,0.000000000,0.036951528,1.706840906,0.000000000,0.000000000,,,,,,,,,,,,,,,,,,,,,,,,,,,,,,,,
560.038000,,,,,,,0.000000000,0.000000000,0.000000000,0.000000000,0.000000000,3.141592654,0.496755926,7.308026707,-9.264249282,0.000000000,0.000000000,0.000000000,0.000000000,1.617686189,0.000000000,0.000000000,0.000000000,0.000000000,0.000000000,0.000000000,0.000000000,3.141592654,0.487225920,7.206806395,-9.312879054,0.000000000,0.000000000,0.000000000,0.000000000,1.587954642,0.000000000,0.000000000
560.089000,0.000000000,0.000000000,0.045587296,1.624698772,0.000000000,0.000000000,,,,,,,,,,,,,,,,,,,,,,,,,,,,,,,,
560.239000,0.000000000,0.000000000,0.050303468,1.597352093,0.000000000,0.000000000,,,,,,,,,,,,,,,,,,,,,,,,,,,,,,,,
560.260000,,,,,,,0.000000000,0.000000000,0.000000000,0.000000000,0.000000000,3.141592654,0.535756421,7.612662128,-9.080792480,0.000000000,0.000000000,0.000000000,0.000000000,1.650759436,0.000000000,0.000000000,,,,,,,,,,,0.000000000,0.000000000,0.000000000,1.628260143,0.000000000,0.000000000
560.261000,,,,,,,,,,,,,,,,,,,,,,,0.000000000,0.000000000,0.000000000,0.000000000,0.000000000,3.141592654,0.531199900,7.554524155,-9.109871731,0.000000000,,,,,,
560.391000,0.000000000,0.000000000,0.061164011,1.685767649,0.000000000,0.000000000,,,,,,,,,,,,,,,,,,,,,,,,,,,,,,,,
560.484000,,,,,,,0.000000000,0.000000000,0.000000000,0.000000000,0.000000000,3.141592654,0.591532612,7.911995084,-8.877956150,0.000000000,0.000000000,0.000000000,0.000000000,1.601847441,0.000000000,0.000000000,0.000000000,0.000000000,0.000000000,0.000000000,0.000000000,3.141592654,0.571237311,7.819302835,-8.938296424,0.000000000,0.000000000,0.000000000,0.000000000,1.543955461,0.000000000,0.000000000
560.541000,0.000000000,0.000000000,0.092448380,1.575479387,0.000000000,0.000000000,,,,,,,,,,,,,,,,,,,,,,,,,,,,,,,,
560.642000,0.000000000,0.000000000,0.098785316,1.479133629,0.000000000,0.000000000,,,,,,,,,,,,,,,,,,,,,,,,,,,,,,,,
560.682000,,,,,,,0.000000000,0.000000000,0.000000000,0.000000000,0.000000000,3.141592654,0.648585746,8.117025192,-8.716033006,0.000000000,0.000000000,0.000000000,0.000000000,1.489869934,0.000000000,0.000000000,0.000000000,0.000000000,0.000000000,0.000000000,0.000000000,3.141592654,0.634898822,8.069954334,-8.750880340,0.000000000,0.000000000,0.000000000,0.000000000,1.528880873,0.000000000,0.000000000
560.795000,0.000000000,0.000000000,0.107618425,1.315995709,0.000000000,0.000000000,,,,,,,,,,,,,,,,,,,,,,,,,,,,,,,,
560.936000,,,,,,,0.000000000,0.000000000,0.000000000,0.000000000,0.000000000,3.141592654,0.743303595,8.396657169,-8.451610556,0.000000000,0.000000000,0.000000000,0.000000000,1.323097402,0.000000000,0.000000000,0.000000000,0.000000000,0.000000000,0.000000000,0.000000000,3.141592654,0.724894738,8.332257136,-8.514121741,0.000000000,0.000000000,0.000000000,0.000000000,1.361952001,0.000000000,0.000000000
560.938000,0.000000000,0.000000000,0.093926131,1.338399586,0.000000000,0.000000000,,,,,,,,,,,,,,,,,,,,,,,,,,,,,,,,
561.041000,0.000000000,0.000000000,0.079520666,1.443600191,0.000000000,0.000000000,,,,,,,,,,,,,,,,,,,,,,,,,,,,,,,,
561.187000,0.000000000,0.000000000,0.072253297,1.484596790,0.000000000,0.000000000,0.000000000,0.000000000,0.000000000,0.000000000,0.000000000,3.141592654,0.817366407,8.619892591,-8.204324551,0.000000000,0.000000000,0.000000000,0.000000000,1.371283334,0.000000000,0.000000000,0.000000000,0.000000000,0.000000000,0.000000000,0.000000000,3.141592654,0.806333042,8.554181575,-8.269759436,0.000000000,0.000000000,0.000000000,0.000000000,1.385525015,0.000000000,0.000000000
561.333000,0.000000000,0.000000000,0.061964434,1.532083034,0.000000000,0.000000000,,,,,,,,,,,,,,,,,,,,,,,,,,,,,,,,
561.419000,,,,,,,0.000000000,0.000000000,0.000000000,0.000000000,0.000000000,3.141592654,0.871441640,8.823951312,-7.951646462,0.000000000,0.000000000,0.000000000,0.000000000,1.501214750,0.000000000,0.000000000,0.000000000,0.000000000,0.000000000,0.000000000,0.000000000,3.141592654,0.872159405,8.766696319,-8.002608819,0.000000000,0.000000000,0.000000000,0.000000000,1.448334070,0.000000000,0.000000000
561.436000,0.000000000,0.000000000,0.054018810,1.633368265,0.000000000,0.000000000,,,,,,,,,,,,,,,,,,,,,,,,,,,,,,,,
561.582000,0.000000000,0.000000000,0.047365518,1.631732364,0.000000000,0.000000000,,,,,,,,,,,,,,,,,,,,,,,,,,,,,,,,
561.611000,,,,,,,0.000000000,0.000000000,0.000000000,0.000000000,0.000000000,3.141592654,0.912717302,8.996881033,-7.720066621,0.000000000,0.000000000,0.000000000,0.000000000,1.554541144,0.000000000,0.000000000,0.000000000,0.000000000,0.000000000,0.000000000,0.000000000,3.141592654,0.917429654,8.943794279,-7.759936368,0.000000000,0.000000000,0.000000000,0.000000000,1.564134244,0.000000000,0.000000000
561.687000,0.000000000,0.000000000,0.040929229,1.666129591,0.000000000,0.000000000,,,,,,,,,,,,,,,,,,,,,,,,,,,,,,,,
561.833000,,,,,,,,,,,,,,,,,0.000000000,0.000000000,0.000000000,1.606669669,0.000000000,0.000000000,,,,,,,,,,,,,,,,
561.834000,,,,,,,0.000000000,0.000000000,0.000000000,0.000000000,0.000000000,3.141592654,0.947668135,9.191240471,-7.443370005,0.000000000,,,,,,,0.000000000,0.000000000,0.000000000,0.000000000,0.000000000,3.141592654,0.951041540,9.131382105,-7.496742131,0.000000000,0.000000000,0.000000000,0.000000000,1.632841910,0.000000000,0.000000000
561.848000,0.000000000,0.000000000,0.036096219,1.637806352,0.000000000,0.000000000,,,,,,,,,,,,,,,,,,,,,,,,,,,,,,,,
561.989000,0.000000000,0.000000000,0.036835056,1.611416600,0.000000000,0.000000000,,,,,,,,,,,,,,,,,,,,,,,,,,,,,,,,
562.065000,,,,,,,0.000000000,0.000000000,0.000000000,0.000000000,0.000000000,3.141592654,0.979622931,9.398418800,-7.128205822,0.000000000,0.000000000,0.000000000,0.000000000,1.616657812,0.000000000,0.000000000,0.000000000,0.000000000,0.000000000,0.000000000,0.000000000,3.141592654,0.984511892,9.361275858,-7.156325978,0.000000000,0.000000000,0.000000000,0.000000000,1.644619520,0.000000000,0.000000000
562.156000,0.000000000,0.000000000,0.032493377,1.684126996,0.000000000,0.000000000,,,,,,,,,,,,,,,,,,,,,,,,,,,,,,,,
562.288000,0.000000000,0.000000000,0.029816311,1.673900642,0.000000000,0.000000000,,,,,,,,,,,,,,,,,,,,,,,,,,,,,,,,
562.364000,,,,,,,0.000000000,0.000000000,0.000000000,0.000000000,0.000000000,3.141592654,1.023344464,9.671902520,-6.678561583,0.000000000,0.000000000,0.000000000,0.000000000,1.658421448,0.000000000,0.000000000,0.000000000,0.000000000,0.000000000,0.000000000,0.000000000,3.141592654,1.020825861,9.630402614,-6.737037665,0.000000000,0.000000000,0.000000000,0.000000000,1.626451338,0.000000000,0.000000000
562.437000,0.000000000,0.000000000,0.035399498,1.644549394,0.000000000,0.000000000,,,,,,,,,,,,,,,,,,,,,,,,,,,,,,,,
562.538000,0.000000000,0.000000000,0.034995805,1.639358763,0.000000000,0.000000000,,,,,,,,,,,,,,,,,,,,,,,,,,,,,,,,
562.604000,,,,,,,,,,,,,,,,,,,,,,,0.000000000,0.000000000,0.000000000,0.000000000,0.000000000,3.141592654,1.049828550,9.841408105,-6.389623829,0.000000000,,,,,,
562.605000,,,,,,,0.000000000,0.000000000,0.000000000,0.000000000,0.000000000,3.141592654,1.054680962,9.846785576,-6.364246482,0.000000000,0.000000000,0.000000000,0.000000000,1.621327253,0.000000000,0.000000000,,,,,,,,,,,0.000000000,0.000000000,0.000000000,1.643162617,0.000000000,0.000000000
562.654000,0.000000000,0.000000000,0.032325772,1.646490194,0.000000000,0.000000000,,,,,,,,,,,,,,,,,,,,,,,,,,,,,,,,
562.790000,0.000000000,0.000000000,0.032568344,1.652357818,0.000000000,0.000000000,,,,,,,,,,,,,,,,,,,,,,,,,,,,,,,,
562.873000,,,,,,,0.000000000,0.000000000,0.000000000,0.000000000,0.000000000,3.141592654,1.094733359,10.062157402,-5.941621909,0.000000000,0.000000000,0.000000000,0.000000000,1.617810024,0.000000000,0.000000000,0.000000000,0.000000000,0.000000000,0.000000000,0.000000000,3.141592654,1.085524016,10.025144357,-6.028632787,0.000000000,0.000000000,0.000000000,0.000000000,1.617812030,0.000000000,0.000000000
562.940000,0.000000000,0.000000000,0.038610864,1.608418289,0.000000000,0.000000000,,,,,,,,,,,,,,,,,,,,,,,,,,,,,,,,
563.086000,0.000000000,0.000000000,0.019678144,1.624269042,0.000000000,0.000000000,,,,,,,,,,,,,,,,,,,,,,,,,,,,,,,,
563.118000,,,,,,,0.000000000,0.000000000,0.000000000,0.000000000,0.000000000,3.141592654,1.123931597,10.225952400,-5.592903237,0.000000000,0.000000000,0.000000000,0.000000000,1.683152654,0.000000000,0.000000000,0.000000000,0.000000000,0.000000000,0.000000000,0.000000000,3.141592654,1.117581657,10.195665859,-5.668472445,0.000000000,0.000000000,0.000000000,0.000000000,1.616659859,0.000000000,0.000000000
563.190000,0.000000000,0.000000000,0.014111398,1.608464810,0.000000000,0.000000000,,,,,,,,,,,,,,,,,,,,,,,,,,,,,,,,
563.338000,0.000000000,0.000000000,0.024258441,1.816211657,0.000000000,0.000000000,,,,,,,,,,,,,,,,,,,,,,,,,,,,,,,,
563.408000,,,,,,,0.000000000,0.000000000,0.000000000,0.000000000,0.000000000,3.141592654,1.143609163,10.420858125,-5.161956568,0.000000000,0.000000000,0.000000000,0.000000000,1.641415454,0.000000000,0.000000000,0.000000000,0.000000000,0.000000000,0.000000000,0.000000000,3.141592654,1.139889212,10.396220322,-5.222783959,0.000000000,0.000000000,0.000000000,0.000000000,1.591572732,0.000000000,0.000000000
563.442000,0.000000000,0.000000000,0.033915058,1.630401740,0.000000000,0.000000000,,,,,,,,,,,,,,,,,,,,,,,,,,,,,,,,
563.584000,0.000000000,0.000000000,0.031681311,1.766303316,0.000000000,0.000000000,,,,,,,,,,,,,,,,,,,,,,,,,,,,,,,,
563.685000,,,,,,,0.000000000,0.000000000,0.000000000,0.000000000,0.000000000,3.141592654,1.178297109,10.593410868,-4.739167145,0.000000000,0.000000000,0.000000000,0.000000000,1.656822001,0.000000000,0.000000000,0.000000000,0.000000000,0.000000000,0.000000000,0.000000000,3.141592654,1.167548578,10.552684126,-4.847181192,0.000000000,0.000000000,0.000000000,0.000000000,1.623841585,0.000000000,0.000000000
563.688000,0.000000000,0.000000000,0.044746493,1.611408495,0.000000000,0.000000000,,,,,,,,,,,,,,,,,,,,,,,,,,,,,,,,
563.836000,0.000000000,0.000000000,0.009822435,1.747628686,0.000000000,0.000000000,,,,,,,,,,,,,,,,,,,,,,,,,,,,,,,,
563.972000,,,,,,,,,,,,,,,,,0.000000000,0.000000000,0.000000000,1.663146991,0.000000000,0.000000000,0.000000000,0.000000000,0.000000000,0.000000000,0.000000000,3.141592654,1.200447332,10.730102167,-4.390689996,0.000000000,,,,,,
563.974000,,,,,,,0.000000000,0.000000000,0.000000000,0.000000000,0.000000000,3.141592654,1.202899773,10.759851869,-4.296959961,0.000000000,,,,,,,,,,,,,,,,,0.000000000,0.000000000,0.000000000,1.683708625,0.000000000,0.000000000
563.990000,0.000000000,0.000000000,0.009893273,1.693273179,0.000000000,0.000000000,,,,,,,,,,,,,,,,,,,,,,,,,,,,,,,,
564.094000,0.000000000,0.000000000,0.012845120,1.618263982,0.000000000,0.000000000,,,,,,,,,,,,,,,,,,,,,,,,,,,,,,,,
564.235000,0.000000000,0.000000000,0.026836065,1.672454713,0.000000000,0.000000000,,,,,,,,,,,,,,,,,,,,,,,,,,,,,,,,
564.249000,,,,,,,,,,,,,,,,,,,,,,,,,,,,,,,,,0.000000000,0.000000000,0.000000000,1.683364183,0.000000000,0.000000000
564.250000,,,,,,,0.000000000,0.000000000,0.000000000,0.000000000,0.000000000,3.141592654,1.215620824,10.909348109,-3.891710963,0.000000000,0.000000000,0.000000000,0.000000000,1.657743162,0.000000000,0.000000000,0.000000000,0.000000000,0.000000000,0.000000000,0.000000000,3.141592654,1.211904893,10.903569487,-3.923734304,0.000000000,,,,,,
564.337000,0.000000000,0.000000000,0.037799924,1.636243202,0.000000000,0.000000000,,,,,,,,,,,,,,,,,,,,,,,,,,,,,,,,
564.488000,0.000000000,0.000000000,0.038263922,1.617871669,0.000000000,0.000000000,,,,,,,,,,,,,,,,,,,,,,,,,,,,,,,,
564.549000,,,,,,,0.000000000,0.000000000,0.000000000,0.000000000,0.000000000,3.141592654,1.251485989,11.056316344,-3.439138598,0.000000000,0.000000000,0.000000000,0.000000000,1.636279123,0.000000000,0.000000000,0.000000000,0.000000000,0.000000000,0.000000000,0.000000000,3.141592654,1.250332065,11.054323419,-3.456956874,0.000000000,,,,,,
564.550000,,,,,,,,,,,,,,,,,,,,,,,,,,,,,,,,,0.000000000,0.000000000,0.000000000,1.655120965,0.000000000,0.000000000
564.649000,0.000000000,0.000000000,0.038001258,1.702759195,0.000000000,0.000000000,,,,,,,,,,,,,,,,,,,,,,,,,,,,,,,,
564.778000,,,,,,,0.000000000,0.000000000,0.000000000,0.000000000,0.000000000,3.141592654,1.287387237,11.159792895,-3.068102952,0.000000000,0.000000000,0.000000000,0.000000000,1.599011689,0.000000000,0.000000000,0.000000000,0.000000000,0.000000000,0.000000000,0.000000000,3.141592654,1.281310089,11.137950683,-3.148749165,0.000000000,0.000000000,0.000000000,0.000000000,1.656151605,0.000000000,0.000000000
564.781000,0.000000000,0.000000000,0.035500296,1.729624947,0.000000000,0.000000000,,,,,,,,,,,,,,,,,,,,,,,,,,,,,,,,
564.894000,0.000000000,0.000000000,0.032472939,1.604861795,0.000000000,0.000000000,,,,,,,,,,,,,,,,,,,,,,,,,,,,,,,,
565.042000,0.000000000,0.000000000,0.030551885,1.629712311,0.000000000,0.000000000,,,,,,,,,,,,,,,,,,,,,,,,,,,,,,,,
565.053000,,,,,,,0.000000000,0.000000000,0.000000000,0.000000000,0.000000000,3.141592654,1.326799283,11.267510033,-2.623099085,0.000000000,0.000000000,0.000000000,0.000000000,1.610967334,0.000000000,0.000000000,0.000000000,0.000000000,0.000000000,0.000000000,0.000000000,3.141592654,1.321123239,11.261943809,-2.672363129,0.000000000,,,,,,
565.054000,,,,,,,,,,,,,,,,,,,,,,,,,,,,,,,,,0.000000000,0.000000000,0.000000000,1.603843446,0.000000000,0.000000000
565.142000,0.000000000,0.000000000,0.028757327,1.616291697,0.000000000,0.000000000,,,,,,,,,,,,,,,,,,,,,,,,,,,,,,,,
565.286000,0.000000000,0.000000000,0.023982282,1.653651590,0.000000000,0.000000000,,,,,,,,,,,,,,,,,,,,,,,,,,,,,,,,
565.299000,,,,,,,0.000000000,0.000000000,0.000000000,0.000000000,0.000000000,3.141592654,1.356913044,11.349725248,-2.230092192,0.000000000,0.000000000,0.000000000,0.000000000,1.621442101,0.000000000,0.000000000,0.000000000,0.000000000,0.000000000,0.000000000,0.000000000,3.141592654,1.351248989,11.343291477,-2.279477210,0.000000000,0.000000000,0.000000000,0.000000000,1.583580359,0.000000000,0.000000000
565.387000,0.000000000,0.000000000,0.018933905,1.686117044,0.000000000,0.000000000,,,,,,,,,,,,,,,,,,,,,,,,,,,,,,,,
565.491000,0.000000000,0.000000000,0.009314167,1.623981720,0.000000000,0.000000000,,,,,,,,,,,,,,,,,,,,,,,,,,,,,,,,
565.579000,,,,,,,0.000000000,0.000000000,0.000000000,0.000000000,0.000000000,3.141592654,1.376035865,11.435930173,-1.779044125,0.000000000,0.000000000,0.000000000,0.000000000,1.609768579,0.000000000,0.000000000,0.000000000,0.000000000,0.000000000,0.000000000,0.000000000,3.141592654,1.372607346,11.418118704,-1.874064323,0.000000000,0.000000000,0.000000000,0.000000000,1.615955212,0.000000000,0.000000000
565.644000,0.000000000,0.000000000,0.006936207,1.726281811,0.000000000,0.000000000,,,,,,,,,,,,,,,,,,,,,,,,,,,,,,,,
565.787000,0.000000000,0.000000000,0.011742505,1.605459710,0.000000000,0.000000000,,,,,,,,,,,,,,,,,,,,,,,,,,,,,,,,
565.851000,,,,,,,,,,,,,,,,,,,,,,,0.000000000,0.000000000,0.000000000,0.000000000,0.000000000,3.141592654,1.378502985,11.516605607,-1.394519653,0.000000000,0.000000000,0.000000000,0.000000000,1.623895923,0.000000000,0.000000000
565.853000,,,,,,,0.000000000,0.000000000,0.000000000,0.000000000,0.000000000,3.141592654,1.380720909,11.512809971,-1.376219781,0.000000000,0.000000000,0.000000000,0.000000000,1.614917262,0.000000000,0.000000000,,,,,,,,,,,,,,,,
565.899000,0.000000000,0.000000000,0.021107183,1.577263412,0.000000000,0.000000000,,,,,,,,,,,,,,,,,,,,,,,,,,,,,,,,
566.040000,0.000000000,0.000000000,0.033021296,1.582751420,0.000000000,0.000000000,,,,,,,,,,,,,,,,,,,,,,,,,,,,,,,,
566.156000,,,,,,,0.000000000,0.000000000,0.000000000,0.000000000,0.000000000,3.141592654,1.411938135,11.594638610,-0.864180798,0.000000000,0.000000000,0.000000000,0.000000000,1.513843805,0.000000000,0.000000000,0.000000000,0.000000000,0.000000000,0.000000000,0.000000000,3.141592654,1.403546133,11.586062220,-0.926281961,0.000000000,0.000000000,0.000000000,0.000000000,1.559714694,0.000000000,0.000000000
566.193000,0.000000000,0.000000000,0.045982811,1.591236638,0.000000000,0.000000000,,,,,,,,,,,,,,,,,,,,,,,,,,,,,,,,
566.333000,0.000000000,0.000000000,0.061819351,1.543733952,0.000000000,0.000000000,,,,,,,,,,,,,,,,,,,,,,,,,,,,,,,,
566.427000,,,,,,,0.000000000,0.000000000,0.000000000,0.000000000,0.000000000,3.141592654,1.461753244,11.631401567,-0.484032265,0.000000000,0.000000000,0.000000000,0.000000000,1.494132725,0.000000000,0.000000000,0.000000000,0.000000000,0.000000000,0.000000000,0.000000000,3.141592654,1.449356377,11.622886017,-0.544268986,0.000000000,0.000000000,0.000000000,0.000000000,1.515926333,0.000000000,0.000000000
566.483000,0.000000000,0.000000000,0.078524201,1.663525473,0.000000000,0.000000000,,,,,,,,,,,,,,,,,,,,,,,,,,,,,,,,
566.587000,0.000000000,0.000000000,0.088595881,1.559350657,0.000000000,0.000000000,,,,,,,,,,,,,,,,,,,,,,,,,,,,,,,,
566.690000,0.000000000,0.000000000,0.095840791,1.528071501,0.000000000,0.000000000,,,,,,,,,,,,,,,,,,,,,,,,,,,,,,,,
566.738000,,,,,,,0.000000000,0.000000000,0.000000000,0.000000000,0.000000000,3.141592654,1.559765619,11.630148805,0.012749504,0.000000000,0.000000000,0.000000000,0.000000000,1.488649609,0.000000000,0.000000000,0.000000000,0.000000000,0.000000000,0.000000000,0.000000000,3.141592654,1.536507758,11.635340804,-0.098316818,0.000000000,0.000000000,0.000000000,0.000000000,1.498624843,0.000000000,0.000000000
566.837000,0.000000000,0.000000000,0.113826875,1.491011832,0.000000000,0.000000000,,,,,,,,,,,,,,,,,,,,,,,,,,,,,,,,
566.937000,0.000000000,0.000000000,0.124066238,1.476920221,0.000000000,0.000000000,,,,,,,,,,,,,,,,,,,,,,,,,,,,,,,,
566.967000,,,,,,,0.000000000,0.000000000,0.000000000,0.000000000,0.000000000,3.141592654,1.654378208,11.590245016,0.344444346,0.000000000,0.000000000,0.000000000,0.000000000,1.433589372,0.000000000,0.000000000,0.000000000,0.000000000,0.000000000,0.000000000,0.000000000,3.141592654,1.634619842,11.598264525,0.259651066,0.000000000,0.000000000,0.000000000,0.000000000,1.438033015,0.000000000,0.000000000
567.041000,0.000000000,0.000000000,0.142394166,1.404879952,0.000000000,0.000000000,,,,,,,,,,,,,,,,,,,,,,,,,,,,,,,,
567.194000,0.000000000,0.000000000,0.159859278,1.418109189,0.000000000,0.000000000,,,,,,,,,,,,,,,,,,,,,,,,,,,,,,,,
567.282000,,,,,,,0.000000000,0.000000000,0.000000000,0.000000000,0.000000000,3.141592654,1.813189061,11.471574224,0.779856641,0.000000000,0.000000000,0.000000000,0.000000000,1.467669158,0.000000000,0.000000000,0.000000000,0.000000000,0.000000000,0.000000000,0.000000000,3.141592654,1.791372629,11.492518955,0.663068180,0.000000000,0.000000000,0.000000000,0.000000000,1.419631578,0.000000000,0.000000000
567.336000,0.000000000,0.000000000,0.178344941,1.341871102,0.000000000,0.000000000,,,,,,,,,,,,,,,,,,,,,,,,,,,,,,,,
567.490000,0.000000000,0.000000000,0.207286594,1.280644151,0.000000000,0.000000000,,,,,,,,,,,,,,,,,,,,,,,,,,,,,,,,
567.540000,,,,,,,,,,,,,,,,,0.000000000,0.000000000,0.000000000,1.345033942,0.000000000,0.000000000,0.000000000,0.000000000,0.000000000,0.000000000,0.000000000,3.141592654,1.955980268,11.352470853,0.969980569,0.000000000,,,,,,
567.542000,,,,,,,0.000000000,0.000000000,0.000000000,0.000000000,0.000000000,3.141592654,1.976824637,11.308758342,1.116612427,0.000000000,,,,,,,,,,,,,,,,,0.000000000,0.000000000,0.000000000,1.336544836,0.000000000,0.000000000
567.645000,0.000000000,0.000000000,0.216611945,1.193695584,0.000000000,0.000000000,,,,,,,,,,,,,,,,,,,,,,,,,,,,,,,,
567.688000,,,,,,,0.000000000,0.000000000,0.000000000,0.000000000,0.000000000,3.141592654,2.081902571,11.205741282,1.266137293,0.000000000,0.000000000,0.000000000,0.000000000,1.245085071,0.000000000,0.000000000,0.000000000,0.000000000,0.000000000,0.000000000,0.000000000,3.141592654,2.057571248,11.249513411,1.127647572,0.000000000,0.000000000,0.000000000,0.000000000,1.257573774,0.000000000,0.000000000
567.786000,0.000000000,0.000000000,0.223335018,1.135949103,0.000000000,0.000000000,,,,,,,,,,,,,,,,,,,,,,,,,,,,,,,,
567.890000,0.000000000,0.000000000,0.226227219,1.091926731,0.000000000,0.000000000,,,,,,,,,,,,,,,,,,,,,,,,,,,,,,,,
567.930000,,,,,,,0.000000000,0.000000000,0.000000000,0.000000000,0.000000000,3.141592654,2.254541517,10.995802418,1.496926599,0.000000000,0.000000000,0.000000000,0.000000000,1.168420657,0.000000000,0.000000000,0.000000000,0.000000000,0.000000000,0.000000000,0.000000000,3.141592654,2.242403211,11.049490380,1.356153052,0.000000000,0.000000000,0.000000000,0.000000000,1.138775811,0.000000000,0.000000000
568.037000,0.000000000,0.000000000,0.257281204,0.938245086,0.000000000,0.000000000,,,,,,,,,,,,,,,,,,,,,,,,,,,,,,,,
568.151000,,,,,,,0.000000000,0.000000000,0.000000000,0.000000000,0.000000000,3.141592654,2.407855551,10.803142741,1.649253633,0.000000000,,,,,,,0.000000000,0.000000000,0.000000000,0.000000000,0.000000000,3.141592654,2.404058572,10.839176910,1.536004456,0.000000000,0.000000000,0.000000000,0.000000000,0.920169898,0.000000000,0.000000000
568.152000,,,,,,,,,,,,,,,,,0.000000000,0.000000000,0.000000000,1.027709251,0.000000000,0.000000000,,,,,,,,,,,,,,,,
568.189000,0.000000000,0.000000000,0.290912788,0.818293086,0.000000000,0.000000000,,,,,,,,,,,,,,,,,,,,,,,,,,,,,,,,
568.326000,,,,,,,0.000000000,0.000000000,0.000000000,0.000000000,0.000000000,3.141592654,2.534511820,10.656224917,1.732481188,0.000000000,0.000000000,0.000000000,0.000000000,0.908217565,0.000000000,0.000000000,0.000000000,0.000000000,0.000000000,0.000000000,0.000000000,3.141592654,2.504624930,10.725445986,1.620158077,0.000000000,0.000000000,0.000000000,0.000000000,0.879070550,0.000000000,0.000000000
568.330000,0.000000000,0.000000000,0.267820097,0.854232119,0.000000000,0.000000000,,,,,,,,,,,,,,,,,,,,,,,,,,,,,,,,
568.434000,0.000000000,0.000000000,0.281278195,0.733460466,0.000000000,0.000000000,,,,,,,,,,,,,,,,,,,,,,,,,,,,,,,,
568.536000,0.000000000,0.000000000,0.261015743,0.807052240,0.000000000,0.000000000,,,,,,,,,,,,,,,,,,,,,,,,,,,,,,,,
568.559000,,,,,,,0.000000000,0.000000000,0.000000000,0.000000000,0.000000000,3.141592654,2.671470949,10.470729208,1.810095544,0.000000000,0.000000000,0.000000000,0.000000000,0.766920505,0.000000000,0.000000000,,,,,,,,,,,0.000000000,0.000000000,0.000000000,0.772755231,0.000000000,0.000000000
568.560000,,,,,,,,,,,,,,,,,,,,,,,0.000000000,0.000000000,0.000000000,0.000000000,0.000000000,3.141592654,2.632346486,10.544568662,1.725724258,0.000000000,,,,,,
568.642000,0.000000000,0.000000000,0.223774471,0.890720268,0.000000000,0.000000000,,,,,,,,,,,,,,,,,,,,,,,,,,,,,,,,
568.751000,,,,,,,0.000000000,0.000000000,0.000000000,0.000000000,0.000000000,3.141592654,2.767426301,10.316398968,1.857558644,0.000000000,0.000000000,0.000000000,0.000000000,0.873120185,0.000000000,0.000000000,0.000000000,0.000000000,0.000000000,0.000000000,0.000000000,3.141592654,2.736574171,10.388854192,1.791122241,0.000000000,0.000000000,0.000000000,0.000000000,0.843567778,0.000000000,0.000000000
568.788000,0.000000000,0.000000000,0.184318328,0.971774236,0.000000000,0.000000000,,,,,,,,,,,,,,,,,,,,,,,,,,,,,,,,
568.899000,0.000000000,0.000000000,0.173905264,0.973062417,0.000000000,0.000000000,,,,,,,,,,,,,,,,,,,,,,,,,,,,,,,,
568.960000,,,,,,,0.000000000,0.000000000,0.000000000,0.000000000,0.000000000,3.141592654,2.850487285,10.130439329,1.902377276,0.000000000,0.000000000,0.000000000,0.000000000,0.932126534,0.000000000,0.000000000,0.000000000,0.000000000,0.000000000,0.000000000,0.000000000,3.141592654,2.823119533,10.190240446,1.854867793,0.000000000,0.000000000,0.000000000,0.000000000,0.950381073,0.000000000,0.000000000
569.036000,0.000000000,0.000000000,0.160087617,1.007607207,0.000000000,0.000000000,,,,,,,,,,,,,,,,,,,,,,,,,,,,,,,,
569.169000,,,,,,,0.000000000,0.000000000,0.000000000,0.000000000,0.000000000,3.141592654,2.936458524,9.916079770,1.938347922,0.000000000,0.000000000,0.000000000,0.000000000,1.087944539,0.000000000,0.000000000,0.000000000,0.000000000,0.000000000,0.000000000,0.000000000,3.141592654,2.893811178,9.988121561,1.914815402,0.000000000,0.000000000,0.000000000,0.000000000,1.042787410,0.000000000,0.000000000
569.184000,0.000000000,0.000000000,0.140854425,1.159036049,0.000000000,0.000000000,,,,,,,,,,,,,,,,,,,,,,,,,,,,,,,,
569.337000,0.000000000,0.000000000,0.134982187,1.177184371,0.000000000,0.000000000,,,,,,,,,,,,,,,,,,,,,,,,,,,,,,,,
569.374000,,,,,,,0.000000000,0.000000000,0.000000000,0.000000000,0.000000000,3.141592654,3.019193476,9.666487457,1.961977545,0.000000000,0.000000000,0.000000000,0.000000000,1.239916987,0.000000000,0.000000000,0.000000000,0.000000000,0.000000000,0.000000000,0.000000000,3.141592654,2.982530574,9.729598732,1.969749017,0.000000000,0.000000000,0.000000000,0.000000000,1.178557239,0.000000000,0.000000000
569.481000,0.000000000,0.000000000,0.128390761,1.216036294,0.000000000,0.000000000,,,,,,,,,,,,,,,,,,,,,,,,,,,,,,,,
569.567000,,,,,,,0.000000000,0.000000000,0.000000000,0.000000000,0.000000000,3.141592654,3.091915016,9.439888465,1.966526517,0.000000000,,,,,,,,,,,,,,,,,,,,,,
569.568000,,,,,,,,,,,,,,,,,0.000000000,0.000000000,0.000000000,1.183006119,0.000000000,0.000000000,0.000000000,0.000000000,0.000000000,0.000000000,0.000000000,3.141592654,3.061802119,9.474558605,1.993588429,0.000000000,0.000000000,0.000000000,0.000000000,1.203120922,0.000000000,0.000000000
569.588000,0.000000000,0.000000000,0.118846279,1.251646032,0.000000000,0.000000000,,,,,,,,,,,,,,,,,,,,,,,,,,,,,,,,
569.731000,0.000000000,0.000000000,0.083434623,1.323255655,0.000000000,0.000000000,,,,,,,,,,,,,,,,,,,,,,,,,,,,,,,,
569.776000,,,,,,,0.000000000,0.000000000,0.000000000,0.000000000,0.000000000,3.141592654,-3.121954107,9.198751760,1.955655136,0.000000000,0.000000000,0.000000000,0.000000000,1.195550529,0.000000000,0.000000000,0.000000000,0.000000000,0.000000000,0.000000000,0.000000000,3.141592654,3.128188822,9.234639430,2.003189171,0.000000000,0.000000000,0.000000000,0.000000000,1.140255364,0.000000000,0.000000000
569.881000,0.000000000,0.000000000,0.069472474,1.593517968,0.000000000,0.000000000,,,,,,,,,,,,,,,,,,,,,,,,,,,,,,,,
569.957000,,,,,,,0.000000000,0.000000000,0.000000000,0.000000000,0.000000000,3.141592654,-3.076137064,8.959995532,1.936767446,0.000000000,0.000000000,0.000000000,0.000000000,1.456418494,0.000000000,0.000000000,0.000000000,0.000000000,0.000000000,0.000000000,0.000000000,3.141592654,-3.112855770,9.001395024,1.984071222,0.000000000,0.000000000,0.000000000,0.000000000,1.393051850,0.000000000,0.000000000
569.988000,0.000000000,0.000000000,0.061252761,1.680847154,0.000000000,0.000000000,,,,,,,,,,,,,,,,,,,,,,,,,,,,,,,,
570.135000,0.000000000,0.000000000,0.059900272,1.643915903,0.000000000,0.000000000,,,,,,,,,,,,,,,,,,,,,,,,,,,,,,,,
570.204000,,,,,,,0.000000000,0.000000000,0.000000000,0.000000000,0.000000000,3.141592654,-3.017566023,8.577652674,1.888087537,0.000000000,0.000000000,0.000000000,0.000000000,1.603669716,0.000000000,0.000000000,0.000000000,0.000000000,0.000000000,0.000000000,0.000000000,3.141592654,-3.061609913,8.709317234,1.943964985,0.000000000,0.000000000,0.000000000,0.000000000,1.561391529,0.000000000,0.000000000
570.285000,0.000000000,0.000000000,0.055372789,1.674473896,0.000000000,0.000000000,,,,,,,,,,,,,,,,,,,,,,,,,,,,,,,,
570.437000,0.000000000,0.000000000,0.044271627,1.563018934,0.000000000,0.000000000,,,,,,,,,,,,,,,,,,,,,,,,,,,,,,,,
570.510000,,,,,,,0.000000000,0.000000000,0.000000000,0.000000000,0.000000000,3.141592654,-2.952052026,8.099554008,1.799027300,0.000000000,0.000000000,0.000000000,0.000000000,1.537812666,0.000000000,0.000000000,0.000000000,0.000000000,0.000000000,0.000000000,0.000000000,3.141592654,-2.981254712,8.167364354,1.843272383,0.000000000,0.000000000,0.000000000,0.000000000,1.576648669,0.000000000,0.000000000
570.589000,0.000000000,0.000000000,0.030731020,1.726267103,0.000000000,0.000000000,,,,,,,,,,,,,,,,,,,,,,,,,,,,,,,,
570.715000,,,,,,,,,,,,,,,,,0.000000000,0.000000000,0.000000000,1.691676344,0.000000000,0.000000000,,,,,,,,,,,,,,,,
570.716000,,,,,,,0.000000000,0.000000000,0.000000000,0.000000000,0.000000000,3.141592654,-2.925594001,7.766180076,1.724650635,0.000000000,,,,,,,0.000000000,0.000000000,0.000000000,0.000000000,0.000000000,3.141592654,-2.948001969,7.861259539,1.767042982,0.000000000,0.000000000,0.000000000,0.000000000,1.680481356,0.000000000,0.000000000
570.736000,0.000000000,0.000000000,0.003594522,1.578781050,0.000000000,0.000000000,,,,,,,,,,,,,,,,,,,,,,,,,,,,,,,,
570.884000,0.000000000,0.000000000,0.008460669,1.641936109,0.000000000,0.000000000,,,,,,,,,,,,,,,,,,,,,,,,,,,,,,,,
570.922000,,,,,,,0.000000000,0.000000000,0.000000000,0.000000000,0.000000000,3.141592654,-2.921132520,7.448381025,1.653007841,0.000000000,0.000000000,0.000000000,0.000000000,1.646010668,0.000000000,0.000000000,0.000000000,0.000000000,0.000000000,0.000000000,0.000000000,3.141592654,-2.932160464,7.539585235,1.686060873,0.000000000,0.000000000,0.000000000,0.000000000,1.649882116,0.000000000,0.000000000
571.035000,0.000000000,0.000000000,0.024161191,1.645543897,0.000000000,0.000000000,,,,,,,,,,,,,,,,,,,,,,,,,,,,,,,,
571.080000,,,,,,,,,,,,,,,,,0.000000000,0.000000000,0.000000000,1.660040200,0.000000000,0.000000000,,,,,,,,,,,,,,,,
571.081000,,,,,,,0.000000000,0.000000000,0.000000000,0.000000000,0.000000000,3.141592654,-2.911204353,7.193882084,1.592731055,0.000000000,,,,,,,0.000000000,0.000000000,0.000000000,0.000000000,0.000000000,3.141592654,-2.922743213,7.304047772,1.625348225,0.000000000,0.000000000,0.000000000,0.000000000,1.616247336,0.000000000,0.000000000
571.142000,0.000000000,0.000000000,0.037079642,1.663156934,0.000000000,0.000000000,,,,,,,,,,,,,,,,,,,,,,,,,,,,,,,,
571.284000,0.000000000,0.000000000,0.053837340,1.619417425,0.000000000,0.000000000,,,,,,,,,,,,,,,,,,,,,,,,,,,,,,,,
571.303000,,,,,,,0.000000000,0.000000000,0.000000000,0.000000000,0.000000000,3.141592654,-2.878252857,6.832344623,1.495113040,0.000000000,0.000000000,0.000000000,0.000000000,1.575474743,0.000000000,0.000000000,0.000000000,0.000000000,0.000000000,0.000000000,0.000000000,3.141592654,-2.894180948,6.902113007,1.526384582,0.000000000,0.000000000,0.000000000,0.000000000,1.610856147,0.000000000,0.000000000
571.433000,0.000000000,0.000000000,0.055769523,1.575313654,0.000000000,0.000000000,,,,,,,,,,,,,,,,,,,,,,,,,,,,,,,,
571.474000,,,,,,,0.000000000,0.000000000,0.000000000,0.000000000,0.000000000,3.141592654,-2.839306365,6.579846829,1.414000770,0.000000000,0.000000000,0.000000000,0.000000000,1.543158873,0.000000000,0.000000000,0.000000000,0.000000000,0.000000000,0.000000000,0.000000000,3.141592654,-2.858025921,6.674730657,1.453689605,0.000000000,0.000000000,0.000000000,0.000000000,1.565654261,0.000000000,0.000000000
571.538000,0.000000000,0.000000000,0.054960960,1.497964294,0.000000000,0.000000000,,,,,,,,,,,,,,,,,,,,,,,,,,,,,,,,
571.644000,0.000000000,0.000000000,0.046378041,1.602344595,0.000000000,0.000000000,,,,,,,,,,,,,,,,,,,,,,,,,,,,,,,,
571.718000,,,,,,,0.000000000,0.000000000,0.000000000,0.000000000,0.000000000,3.141592654,-2.791978980,6.239931192,1.288886274,0.000000000,0.000000000,0.000000000,0.000000000,1.586912422,0.000000000,0.000000000,0.000000000,0.000000000,0.000000000,0.000000000,0.000000000,3.141592654,-2.802867451,6.314032208,1.320176854,0.000000000,0.000000000,0.000000000,0.000000000,1.533920428,0.000000000,0.000000000
571.784000,0.000000000,0.000000000,0.036374347,1.581123545,0.000000000,0.000000000,,,,,,,,,,,,,,,,,,,,,,,,,,,,,,,,
571.905000,,,,,,,0.000000000,0.000000000,0.000000000,0.000000000,0.000000000,3.141592654,-2.765031083,5.962080808,1.176788188,0.000000000,0.000000000,0.000000000,0.000000000,1.615328619,0.000000000,0.000000000,0.000000000,0.000000000,0.000000000,0.000000000,0.000000000,3.141592654,-2.771298810,6.023243830,1.202836768,0.000000000,0.000000000,0.000000000,0.000000000,1.563252969,0.000000000,0.000000000
571.936000,0.000000000,0.000000000,0.023494985,1.649934116,0.000000000,0.000000000,,,,,,,,,,,,,,,,,,,,,,,,,,,,,,,,
572.085000,0.000000000,0.000000000,0.014256332,1.757647063,0.000000000,0.000000000,,,,,,,,,,,,,,,,,,,,,,,,,,,,,,,,
572.101000,,,,,,,,,,,,,,,,,0.000000000,0.000000000,0.000000000,1.634174047,0.000000000,0.000000000,,,,,,,,,,,0.000000000,0.000000000,0.000000000,1.692952765,0.000000000,0.000000000
572.102000,,,,,,,0.000000000,0.000000000,0.000000000,0.000000000,0.000000000,3.141592654,-2.745930055,5.657763185,1.048352659,0.000000000,,,,,,,0.000000000,0.000000000,0.000000000,0.000000000,0.000000000,3.141592654,-2.749682591,5.715014209,1.077088113,0.000000000,,,,,,
572.186000,0.000000000,0.000000000,0.010331934,1.666604917,0.000000000,0.000000000,,,,,,,,,,,,,,,,,,,,,,,,,,,,,,,,
572.277000,,,,,,,0.000000000,0.000000000,0.000000000,0.000000000,0.000000000,3.141592654,-2.737655320,5.395870208,0.935822395,0.000000000,0.000000000,0.000000000,0.000000000,1.685952206,0.000000000,0.000000000,0.000000000,0.000000000,0.000000000,0.000000000,0.000000000,3.141592654,-2.742626041,5.482673545,0.979163310,0.000000000,0.000000000,0.000000000,0.000000000,1.676417709,0.000000000,0.000000000
572.335000,0.000000000,0.000000000,0.007196814,1.633784971,0.000000000,0.000000000,,,,,,,,,,,,,,,,,,,,,,,,,,,,,,,,
572.487000,0.000000000,0.000000000,-0.004810676,1.605261750,0.000000000,0.000000000,,,,,,,,,,,,,,,,,,,,,,,,,,,,,,,,
572.517000,,,,,,,,,,,,,,,,,,,,,,,0.000000000,0.000000000,0.000000000,0.000000000,0.000000000,3.141592654,-2.732332937,5.102651453,0.811433921,0.000000000,,,,,,
572.518000,,,,,,,0.000000000,0.000000000,0.000000000,0.000000000,0.000000000,3.141592654,-2.731305200,5.027511401,0.774942200,0.000000000,0.000000000,0.000000000,0.000000000,1.645000839,0.000000000,0.000000000,,,,,,,,,,,0.000000000,0.000000000,0.000000000,1.653046558,0.000000000,0.000000000
572.640000,0.000000000,0.000000000,-0.010333024,1.732724743,0.000000000,0.000000000,,,,,,,,,,,,,,,,,,,,,,,,,,,,,,,,
572.702000,,,,,,,0.000000000,0.000000000,0.000000000,0.000000000,0.000000000,3.141592654,-2.736352945,4.741304411,0.652496221,0.000000000,0.000000000,0.000000000,0.000000000,1.707763203,0.000000000,0.000000000,0.000000000,0.000000000,0.000000000,0.000000000,0.000000000,3.141592654,-2.735469461,4.802426766,0.682600957,0.000000000,0.000000000,0.000000000,0.000000000,1.633826054,0.000000000,0.000000000
572.790000,0.000000000,0.000000000,-0.017351466,1.822839944,0.000000000,0.000000000,,,,,,,,,,,,,,,,,,,,,,,,,,,,,,,,
572.920000,,,,,,,0.000000000,0.000000000,0.000000000,0.000000000,0.000000000,3.141592654,-2.750364084,4.405883590,0.514745064,0.000000000,0.000000000,0.000000000,0.000000000,1.735945262,0.000000000,0.000000000,0.000000000,0.000000000,0.000000000,0.000000000,0.000000000,3.141592654,-2.746649166,4.488631755,0.551426751,0.000000000,0.000000000,0.000000000,0.000000000,1.804193671,0.000000000,0.000000000
572.937000,0.000000000,0.000000000,-0.038106989,1.624374962,0.000000000,0.000000000,,,,,,,,,,,,,,,,,,,,,,,,,,,,,,,,
573.038000,0.000000000,0.000000000,-0.042118834,1.659104031,0.000000000,0.000000000,,,,,,,,,,,,,,,,,,,,,,,,,,,,,,,,
573.099000,,,,,,,0.000000000,0.000000000,0.000000000,0.000000000,0.000000000,3.141592654,-2.779919378,4.124843868,0.409806941,0.000000000,0.000000000,0.000000000,0.000000000,1.626650473,0.000000000,0.000000000,0.000000000,0.000000000,0.000000000,0.000000000,0.000000000,3.141592654,-2.773713195,4.173854240,0.431086948,0.000000000,0.000000000,0.000000000,0.000000000,1.622225281,0.000000000,0.000000000
573.189000,0.000000000,0.000000000,-0.044388731,1.613328337,0.000000000,0.000000000,,,,,,,,,,,,,,,,,,,,,,,,,,,,,,,,
573.286000,,,,,,,,,,,,,,,,,0.000000000,0.000000000,0.000000000,1.589606651,0.000000000,0.000000000,0.000000000,0.000000000,0.000000000,0.000000000,0.000000000,3.141592654,-2.801076859,3.954552196,0.349741715,0.000000000,0.000000000,0.000000000,0.000000000,1.580082494,0.000000000,0.000000000
573.288000,,,,,,,0.000000000,0.000000000,0.000000000,0.000000000,0.000000000,3.141592654,-2.813404277,3.837311447,0.313736430,0.000000000,,,,,,,,,,,,,,,,,,,,,,
573.289000,0.000000000,0.000000000,-0.044269703,1.707545895,0.000000000,0.000000000,,,,,,,,,,,,,,,,,,,,,,,,,,,,,,,,
573.441000,0.000000000,0.000000000,-0.046064858,1.690393791,0.000000000,0.000000000,,,,,,,,,,,,,,,,,,,,,,,,,,,,,,,,
573.467000,,,,,,,0.000000000,0.000000000,0.000000000,0.000000000,0.000000000,3.141592654,-2.846712143,3.543424265,0.226135903,0.000000000,0.000000000,0.000000000,0.000000000,1.810242461,0.000000000,0.000000000,0.000000000,0.000000000,0.000000000,0.000000000,0.000000000,3.141592654,-2.836907804,3.637898910,0.249613198,0.000000000,0.000000000,0.000000000,0.000000000,1.727140045,0.000000000,0.000000000
573.585000,0.000000000,0.000000000,-0.061332417,1.628923405,0.000000000,0.000000000,,,,,,,,,,,,,,,,,,,,,,,,,,,,,,,,
573.688000,0.000000000,0.000000000,-0.066150606,1.523822393,0.000000000,0.000000000,,,,,,,,,,,,,,,,,,,,,,,,,,,,,,,,
573.702000,,,,,,,0.000000000,0.000000000,0.000000000,0.000000000,0.000000000,3.141592654,-2.900732772,3.143969149,0.127627178,0.000000000,0.000000000,0.000000000,0.000000000,1.548574289,0.000000000,0.000000000,0.000000000,0.000000000,0.000000000,0.000000000,0.000000000,3.141592654,-2.890018307,3.213671194,0.137812549,0.000000000,0.000000000,0.000000000,0.000000000,1.611813708,0.000000000,0.000000000
573.832000,0.000000000,0.000000000,-0.041869110,1.643955604,0.000000000,0.000000000,,,,,,,,,,,,,,,,,,,,,,,,,,,,,,,,
573.877000,,,,,,,0.000000000,0.000000000,0.000000000,0.000000000,0.000000000,3.141592654,-2.938399305,2.883108781,0.076509146,0.000000000,0.000000000,0.000000000,0.000000000,1.617166970,0.000000000,0.000000000,0.000000000,0.000000000,0.000000000,0.000000000,0.000000000,3.141592654,-2.926223163,2.982162859,0.090729659,0.000000000,,,,,,
573.885000,,,,,,,,,,,,,,,,,,,,,,,,,,,,,,,,,0.000000000,0.000000000,0.000000000,1.598719996,0.000000000,0.000000000
573.935000,0.000000000,0.000000000,0.028498527,0.667170375,0.000000000,0.000000000,,,,,,,,,,,,,,,,,,,,,,,,,,,,,,,,
574.075000,,,,,,,0.000000000,0.000000000,0.000000000,0.000000000,0.000000000,3.141592654,-2.935088384,2.587546309,0.015316339,0.000000000,0.000000000,0.000000000,0.000000000,1.320511772,0.000000000,0.000000000,0.000000000,0.000000000,0.000000000,0.000000000,0.000000000,3.141592654,-2.938945766,2.670331431,0.027420807,0.000000000,0.000000000,0.000000000,0.000000000,1.452095517,0.000000000,0.000000000
574.090000,0.000000000,0.000000000,-0.008414316,0.940272753,0.000000000,0.000000000,,,,,,,,,,,,,,,,,,,,,,,,,,,,,,,,
574.242000,0.000000000,0.000000000,-0.107185959,0.900104662,0.000000000,0.000000000,,,,,,,,,,,,,,,,,,,,,,,,,,,,,,,,
574.278000,,,,,,,0.000000000,0.000000000,0.000000000,0.000000000,0.000000000,3.141592654,-2.952108116,2.365312258,-0.027200920,0.000000000,,,,,,,0.000000000,0.000000000,0.000000000,0.000000000,0.000000000,3.141592654,-2.938166931,2.424367396,-0.022493967,0.000000000,0.000000000,0.000000000,0.000000000,1.051503932,0.000000000,0.000000000
574.279000,,,,,,,,,,,,,,,,,0.000000000,0.000000000,0.000000000,0.953828894,0.000000000,0.000000000,,,,,,,,,,,,,,,,
574.344000,0.000000000,0.000000000,-0.150716727,0.799028810,0.000000000,0.000000000,,,,,,,,,,,,,,,,,,,,,,,,,,,,,,,,
574.485000,0.000000000,0.000000000,-0.154098035,0.674090968,0.000000000,0.000000000,,,,,,,,,,,,,,,,,,,,,,,,,,,,,,,,
574.502000,,,,,,,0.000000000,0.000000000,0.000000000,0.000000000,0.000000000,3.141592654,-3.013395443,2.171633654,-0.045249502,0.000000000,,,,,,,0.000000000,0.000000000,0.000000000,0.000000000,0.000000000,3.141592654,-3.003825161,2.204182657,-0.045886978,0.000000000,0.000000000,0.000000000,0.000000000,0.763269583,0.000000000,0.000000000
574.503000,,,,,,,,,,,,,,,,,0.000000000,0.000000000,0.000000000,0.727621751,0.000000000,0.000000000,,,,,,,,,,,,,,,,
574.636000,0.000000000,0.000000000,-0.158374368,0.596644073,0.000000000,0.000000000,,,,,,,,,,,,,,,,,,,,,,,,,,,,,,,,
574.723000,,,,,,,,,,,,,,,,,0.000000000,0.000000000,0.000000000,0.586099776,0.000000000,0.000000000,0.000000000,0.000000000,0.000000000,0.000000000,0.000000000,3.141592654,-3.051924083,2.068245052,-0.049876315,0.000000000,0.000000000,0.000000000,0.000000000,0.634851663,0.000000000,0.000000000
574.727000,,,,,,,0.000000000,0.000000000,0.000000000,0.000000000,0.000000000,3.141592654,-3.072279648,2.026280346,-0.048515338,0.000000000,,,,,,,,,,,,,,,,,,,,,,
574.790000,0.000000000,0.000000000,-0.160855441,0.477303610,0.000000000,0.000000000,,,,,,,,,,,,,,,,,,,,,,,,,,,,,,,,
574.896000,0.000000000,0.000000000,-0.143453082,0.492847268,0.000000000,0.000000000,,,,,,,,,,,,,,,,,,,,,,,,,,,,,,,,
574.960000,,,,,,,0.000000000,0.000000000,0.000000000,0.000000000,0.000000000,3.141592654,-3.118059517,1.905932863,-0.044807085,0.000000000,0.000000000,0.000000000,0.000000000,0.491810851,0.000000000,0.000000000,0.000000000,0.000000000,0.000000000,0.000000000,0.000000000,3.141592654,-3.103813235,1.934181607,-0.046399432,0.000000000,0.000000000,0.000000000,0.000000000,0.479342866,0.000000000,0.000000000
575.040000,0.000000000,0.000000000,-0.051221858,0.752158463,0.000000000,0.000000000,,,,,,,,,,,,,,,,,,,,,,,,,,,,,,,,
575.165000,,,,,,,0.000000000,0.000000000,0.000000000,0.000000000,0.000000000,3.141592654,-3.138530650,1.771030144,-0.042124973,0.000000000,0.000000000,0.000000000,0.000000000,0.784548065,0.000000000,0.000000000,0.000000000,0.000000000,0.000000000,0.000000000,0.000000000,3.141592654,-3.128420923,1.820741994,-0.044234301,0.000000000,0.000000000,0.000000000,0.000000000,0.726179132,0.000000000,0.000000000
575.188000,0.000000000,0.000000000,-0.031121987,0.919018434,0.000000000,0.000000000,,,,,,,,,,,,,,,,,,,,,,,,,,,,,,,,
575.330000,0.000000000,0.000000000,-0.017556646,1.151859444,0.000000000,0.000000000,,,,,,,,,,,,,,,,,,,,,,,,,,,,,,,,
575.351000,,,,,,,0.000000000,0.000000000,0.000000000,0.000000000,0.000000000,3.141592654,3.133814077,1.603442381,-0.039425995,0.000000000,0.000000000,0.000000000,0.000000000,1.054860729,0.000000000,0.000000000,0.000000000,0.000000000,0.000000000,0.000000000,0.000000000,3.141592654,-3.139268221,1.647602086,-0.043527017,0.000000000,0.000000000,0.000000000,0.000000000,1.015908098,0.000000000,0.000000000
575.439000,0.000000000,0.000000000,-0.007410045,1.285092003,0.000000000,0.000000000,,,,,,,,,,,,,,,,,,,,,,,,,,,,,,,,
575.569000,,,,,,,0.000000000,0.000000000,0.000000000,0.000000000,0.000000000,3.141592654,3.127336666,1.343047857,-0.035096802,0.000000000,0.000000000,0.000000000,0.000000000,1.182001913,0.000000000,0.000000000,0.000000000,0.000000000,0.000000000,0.000000000,0.000000000,3.141592654,3.135166782,1.419450638,-0.040711394,0.000000000,0.000000000,0.000000000,0.000000000,1.269475175,0.000000000,0.000000000
575.580000,0.000000000,0.000000000,0.002803938,1.095299411,0.000000000,0.000000000,,,,,,,,,,,,,,,,,,,,,,,,,,,,,,,,
575.731000,0.000000000,0.000000000,0.014144847,1.124217828,0.000000000,0.000000000,,,,,,,,,,,,,,,,,,,,,,,,,,,,,,,,
575.810000,,,,,,,0.000000000,0.000000000,0.000000000,0.000000000,0.000000000,3.141592654,3.131761653,1.071623518,-0.032396829,0.000000000,0.000000000,0.000000000,0.000000000,1.115474417,0.000000000,0.000000000,0.000000000,0.000000000,0.000000000,0.000000000,0.000000000,3.141592654,3.136598421,1.133717423,-0.038741313,0.000000000,0.000000000,0.000000000,0.000000000,1.163822329,0.000000000,0.000000000
575.833000,0.000000000,0.000000000,0.023041628,1.132987965,0.000000000,0.000000000,,,,,,,,,,,,,,,,,,,,,,,,,,,,,,,,
575.979000,0.000000000,0.000000000,0.034999524,0.939719613,0.000000000,0.000000000,,,,,,,,,,,,,,,,,,,,,,,,,,,,,,,,
576.012000,,,,,,,0.000000000,0.000000000,0.000000000,0.000000000,0.000000000,3.141592654,-3.137097105,0.846415795,-0.034470957,0.000000000,0.000000000,0.000000000,0.000000000,0.957074802,0.000000000,0.000000000,0.000000000,0.000000000,0.000000000,0.000000000,0.000000000,3.141592654,-3.136679147,0.910119742,-0.039008673,0.000000000,0.000000000,0.000000000,0.000000000,1.058945612,0.000000000,0.000000000
576.126000,0.000000000,0.000000000,0.047711907,0.957602956,0.000000000,0.000000000,,,,,,,,,,,,,,,,,,,,,,,,,,,,,,,,
576.193000,,,,,,,0.000000000,0.000000000,0.000000000,0.000000000,0.000000000,3.141592654,-3.119822261,0.677689770,-0.040155497,0.000000000,0.000000000,0.000000000,0.000000000,0.958791126,0.000000000,0.000000000,0.000000000,0.000000000,0.000000000,0.000000000,0.000000000,3.141592654,-3.119213952,0.714282580,-0.046068871,0.000000000,0.000000000,0.000000000,0.000000000,0.958129590,0.000000000,0.000000000
576.227000,0.000000000,0.000000000,0.059268569,0.795694464,0.000000000,0.000000000,,,,,,,,,,,,,,,,,,,,,,,,,,,,,,,,
576.380000,0.000000000,0.000000000,0.072964194,0.816596971,0.000000000,0.000000000,,,,,,,,,,,,,,,,,,,,,,,,,,,,,,,,
576.394000,,,,,,,,,,,,,,,,,0.000000000,0.000000000,0.000000000,0.858885656,0.000000000,0.000000000,,,,,,,,,,,0.000000000,0.000000000,0.000000000,0.815594456,0.000000000,0.000000000
576.395000,,,,,,,0.000000000,0.000000000,0.000000000,0.000000000,0.000000000,3.141592654,-3.096393022,0.509344328,-0.050535591,0.000000000,,,,,,,0.000000000,0.000000000,0.000000000,0.000000000,0.000000000,3.141592654,-3.096088471,0.541372735,-0.057714761,0.000000000,,,,,,
576.525000,0.000000000,0.000000000,0.084127404,0.634318226,0.000000000,0.000000000,,,,,,,,,,,,,,,,,,,,,,,,,,,,,,,,
576.575000,,,,,,,0.000000000,0.000000000,0.000000000,0.000000000,0.000000000,3.141592654,-3.072973817,0.373265318,-0.063511442,0.000000000,,,,,,,0.000000000,0.000000000,0.000000000,0.000000000,0.000000000,3.141592654,-3.073815724,0.419824161,-0.069102290,0.000000000,,,,,,
576.576000,,,,,,,,,,,,,,,,,0.000000000,0.000000000,0.000000000,0.641284400,0.000000000,0.000000000,,,,,,,,,,,0.000000000,0.000000000,0.000000000,0.703682953,0.000000000,0.000000000
576.675000,0.000000000,0.000000000,0.104944408,0.590710185,0.000000000,0.000000000,,,,,,,,,,,,,,,,,,,,,,,,,,,,,,,,
576.803000,,,,,,,0.000000000,0.000000000,0.000000000,0.000000000,0.000000000,3.141592654,-3.041743083,0.227796499,-0.082465626,0.000000000,0.000000000,0.000000000,0.000000000,0.575657342,0.000000000,0.000000000,0.000000000,0.000000000,0.000000000,0.000000000,0.000000000,3.141592654,-3.042168288,0.251760073,-0.085952455,0.000000000,0.000000000,0.000000000,0.000000000,0.581456832,0.000000000,0.000000000
576.823000,0.000000000,0.000000000,0.110929759,0.615057030,0.000000000,0.000000000,,,,,,,,,,,,,,,,,,,,,,,,,,,,,,,,
576.906000,,,,,,,0.000000000,0.000000000,0.000000000,0.000000000,0.000000000,3.141592654,-3.024152702,0.167940268,-0.092429601,0.000000000,0.000000000,0.000000000,0.000000000,0.615758945,0.000000000,0.000000000,0.000000000,0.000000000,0.000000000,0.000000000,0.000000000,3.141592654,-3.029231833,0.192957176,-0.094518708,0.000000000,0.000000000,0.000000000,0.000000000,0.611061737,0.000000000,0.000000000
576.925000,0.000000000,0.000000000,0.161744850,0.464318402,0.000000000,0.000000000,,,,,,,,,,,,,,,,,,,,,,,,,,,,,,,,
577.036000,,,,,,,0.000000000,0.000000000,0.000000000,0.000000000,0.000000000,3.141592654,-2.998525209,0.103010735,-0.105993304,0.000000000,0.000000000,0.000000000,0.000000000,0.468184211,0.000000000,0.000000000,0.000000000,0.000000000,0.000000000,0.000000000,0.000000000,3.141592654,-3.001295010,0.114241915,-0.109734076,0.000000000,0.000000000,0.000000000,0.000000000,0.429168596,0.000000000,0.000000000
577.076000,0.000000000,0.000000000,0.170671818,0.398803372,0.000000000,0.000000000,,,,,,,,,,,,,,,,,,,,,,,,,,,,,,,,
577.146000,,,,,,,0.000000000,0.000000000,0.000000000,0.000000000,0.000000000,3.141592654,-2.981547440,0.057644055,-0.116910406,0.000000000,0.000000000,0.000000000,0.000000000,0.400023522,0.000000000,0.000000000,0.000000000,0.000000000,0.000000000,0.000000000,0.000000000,3.141592654,-2.981992717,0.072501695,-0.122069897,0.000000000,0.000000000,0.000000000,0.000000000,0.410241633,0.000000000,0.000000000
577.224000,0.000000000,0.000000000,0.220642253,0.339437048,0.000000000,0.000000000,,,,,,,,,,,,,,,,,,,,,,,,,,,,,,,,
